Item,Type,Market,Date,mean_RMSE,mean_MAE,mean_MAPE
Beans,Retail,Dambulla,2026-01-01,113.68949999999995,113.68949999999995,17.357175572519076
Beans,Retail,Dambulla,2026-01-02,66.70224999999982,66.70224999999982,9.80915441176468
Beans,Retail,Dambulla,2026-01-03,115.3479166666666,115.3479166666666,18.554525176808696
Beans,Retail,Dambulla,2026-01-04,115.60450000000003,115.60450000000003,20.52163030550477
Beans,Retail,Dambulla,2026-01-05,95.77748333333341,95.77748333333341,18.965838283828397
Beans,Retail,Dambulla,2026-01-06,104.50605000000019,104.50605000000019,23.484505617977568
Beans,Retail,Dambulla,2026-01-07,108.01349999999957,108.01349999999957,17.853471074380096
Beans,Retail,Dambulla,2026-01-08,61.60578333333342,61.60578333333342,12.83453819444446
Beans,Retail,Dambulla,2026-01-09,201.97798333333333,201.97798333333333,61.20544949494949
Beans,Retail,Dambulla,2026-01-10,88.90281666666664,88.90281666666664,23.395478070175432
Beans,Retail,Dambulla,2026-01-11,19.643316666666976,19.643316666666976,4.568213178294646
Beans,Retail,Dambulla,2026-01-12,49.23133333333345,49.23133333333345,10.256527777777803
Beans,Retail,Dambulla,2026-01-13,19.840283333333275,19.840283333333275,4.360501831501819
Beans,Retail,Dambulla,2026-01-14,33.165133333333415,33.165133333333415,7.712821705426376
Beans,Retail,Dambulla,2026-01-15,1.9271166666668478,1.9271166666668478,0.46158483033936476
Beans,Retail,Dambulla,2026-01-16,4.240916666666749,4.240916666666749,1.0471399176954936
Beans,Retail,Dambulla,2026-01-17,29.05129999999997,29.05129999999997,6.75611627906976
Beans,Retail,Dambulla,2026-01-18,34.4380666666666,34.4380666666666,7.568805860805846
Beans,Retail,Dambulla,2026-01-19,29.596433333333323,29.596433333333323,6.1659236111111095
Beans,Retail,Dambulla,2026-01-20,9.07296666666656,9.07296666666656,1.8902013888888667
Beans,Retail,Dambulla,2026-01-21,65.22916666666657,65.22916666666657,16.105967078189277
Beans,Retail,Dambulla,2026-01-22,30.93973333333315,30.93973333333315,8.036294372294325
Beans,Retail,Dambulla,2026-01-23,36.89046666666667,36.89046666666667,8.783444444444445
Beans,Retail,Pettah,2026-01-01,357.63558333333333,357.63558333333333,59.60593055555555
Beans,Retail,Pettah,2026-01-02,300.7195833333327,300.7195833333327,60.14391666666654
Beans,Retail,Pettah,2026-01-03,130.17558333333295,130.17558333333295,22.972026635137375
Beans,Retail,Pettah,2026-01-04,19.898166666666498,19.898166666666498,3.141832325433265
Beans,Retail,Pettah,2026-01-05,29.088500000000067,29.088500000000067,4.15550000000001
Beans,Retail,Pettah,2026-01-06,82.04408333333333,82.04408333333333,10.255510416666667
Beans,Retail,Pettah,2026-01-07,59.24333333333334,59.24333333333334,8.463333333333335
Beans,Retail,Pettah,2026-01-08,194.10233333333372,194.10233333333372,38.82046666666674
Beans,Retail,Pettah,2026-01-09,109.16216666666685,109.16216666666685,21.83243333333337
Beans,Retail,Pettah,2026-01-10,35.973199999999906,35.973199999999906,6.74501715635721
Beans,Retail,Pettah,2026-01-11,19.274666666666576,19.274666666666576,3.4013917565190637
Beans,Retail,Pettah,2026-01-12,32.24383333333333,32.24383333333333,5.373972222222221
Beans,Retail,Pettah,2026-01-13,37.18103333333306,37.18103333333306,5.720158974358933
Beans,Retail,Pettah,2026-01-14,5.253833333333432,5.253833333333432,0.8082820512820665
Beans,Retail,Pettah,2026-01-15,17.87383333333321,17.87383333333321,2.749820512820494
Beans,Retail,Pettah,2026-01-16,25.595416666666665,25.595416666666665,3.93775641025641
Beans,Retail,Pettah,2026-01-17,38.42966666666666,38.42966666666666,5.76442117789411
Beans,Retail,Pettah,2026-01-18,36.836666666666815,36.836666666666815,5.3907580036976
Beans,Retail,Pettah,2026-01-19,31.632916666666915,31.632916666666915,4.5189880952381305
Beans,Retail,Pettah,2026-01-20,228.42150000000026,228.42150000000026,50.7603333333334
Beans,Retail,Pettah,2026-01-21,18.60283333333348,18.60283333333348,3.7205666666666954
Beans,Retail,Pettah,2026-01-22,57.25383333333332,57.25383333333332,12.72307407407407
Beans,Retail,Pettah,2026-01-23,10.158150000000148,10.158150000000148,2.2573666666666994
Beans,Wholesale,Dambulla,2026-01-01,127.65674999999999,127.65674999999999,20.425079999999998
Beans,Wholesale,Dambulla,2026-01-02,77.32941666666636,77.32941666666636,11.896833333333285
Beans,Wholesale,Dambulla,2026-01-03,111.82683333333318,111.82683333333318,18.900203379135867
Beans,Wholesale,Dambulla,2026-01-04,98.32083333333287,98.32083333333287,18.4352714704466
Beans,Wholesale,Dambulla,2026-01-05,91.23256666666668,91.23256666666668,19.20685614035088
Beans,Wholesale,Dambulla,2026-01-06,94.21655000000004,94.21655000000004,22.70278313253013
Beans,Wholesale,Dambulla,2026-01-07,105.96175,105.96175,18.42813043478261
Beans,Wholesale,Dambulla,2026-01-08,63.356849999999895,63.356849999999895,14.079299999999979
Beans,Wholesale,Dambulla,2026-01-09,206.24909999999988,206.24909999999988,68.74969999999996
Beans,Wholesale,Dambulla,2026-01-10,67.81294999999994,67.81294999999994,19.375128571428554
Beans,Wholesale,Dambulla,2026-01-11,13.909916666666788,13.909916666666788,3.477479166666697
Beans,Wholesale,Dambulla,2026-01-12,44.000566666666884,44.000566666666884,9.777903703703753
Beans,Wholesale,Dambulla,2026-01-13,15.806466666666495,15.806466666666495,3.7191686274509403
Beans,Wholesale,Dambulla,2026-01-14,23.762433333333263,23.762433333333263,5.940608333333316
Beans,Wholesale,Dambulla,2026-01-15,2.0888333333334117,2.0888333333334117,0.5390537634408804
Beans,Wholesale,Dambulla,2026-01-16,5.992983333333257,5.992983333333257,1.5981288888888685
Beans,Wholesale,Dambulla,2026-01-17,31.55095,31.55095,7.8877375
Beans,Wholesale,Dambulla,2026-01-18,39.932183333333455,39.932183333333455,9.395807843137284
Beans,Wholesale,Dambulla,2026-01-19,32.831183333333286,32.831183333333286,7.295818518518509
Beans,Wholesale,Dambulla,2026-01-20,4.099583333333499,4.099583333333499,0.9110185185185552
Beans,Wholesale,Dambulla,2026-01-21,71.48011666666662,71.48011666666662,19.061364444444433
Beans,Wholesale,Dambulla,2026-01-22,30.886300000000062,30.886300000000062,8.700366197183117
Beans,Wholesale,Dambulla,2026-01-23,32.786050000000046,32.786050000000046,8.406679487179499
Beans,Wholesale,Pettah,2026-01-01,364.5715000000006,364.5715000000006,72.91430000000013
Beans,Wholesale,Pettah,2026-01-02,319.43974999999966,319.43974999999966,79.85993749999992
Beans,Wholesale,Pettah,2026-01-03,149.45033333333316,149.45033333333316,32.02484267969511
Beans,Wholesale,Pettah,2026-01-04,36.301483333333294,36.301483333333294,6.806570666066655
Beans,Wholesale,Pettah,2026-01-05,7.804499999999962,7.804499999999962,1.3007499999999936
Beans,Wholesale,Pettah,2026-01-06,77.40083333333325,77.40083333333325,11.057261904761893
Beans,Wholesale,Pettah,2026-01-07,83.98434999999961,83.98434999999961,13.9973916666666
Beans,Wholesale,Pettah,2026-01-08,247.97036666666622,247.97036666666622,61.992591666666556
Beans,Wholesale,Pettah,2026-01-09,131.06154999999978,131.06154999999978,32.765387499999946
Beans,Wholesale,Pettah,2026-01-10,46.56546666666651,46.56546666666651,10.745959584304458
Beans,Wholesale,Pettah,2026-01-11,11.830216666666615,11.830216666666615,2.535028321226266
Beans,Wholesale,Pettah,2026-01-12,29.642216666666627,29.642216666666627,5.928443333333325
Beans,Wholesale,Pettah,2026-01-13,62.30996666666681,62.30996666666681,11.329084848484875
Beans,Wholesale,Pettah,2026-01-14,34.76300000000015,34.76300000000015,6.320545454545481
Beans,Wholesale,Pettah,2026-01-15,42.5793000000001,42.5793000000001,7.40509565217393
Beans,Wholesale,Pettah,2026-01-16,42.97171666666634,42.97171666666634,7.161952777777723
Beans,Wholesale,Pettah,2026-01-17,26.57476666666662,26.57476666666662,4.3093983275766
Beans,Wholesale,Pettah,2026-01-18,7.720216666666829,7.720216666666829,1.218987994673682
Beans,Wholesale,Pettah,2026-01-19,9.73683333333372,9.73683333333372,1.4979743589744186
Beans,Wholesale,Pettah,2026-01-20,241.64624999999978,241.64624999999978,60.411562499999945
Beans,Wholesale,Pettah,2026-01-21,38.94648333333322,38.94648333333322,8.654774074074048
Beans,Wholesale,Pettah,2026-01-22,57.00374999999991,57.00374999999991,14.250937499999978
Beans,Wholesale,Pettah,2026-01-23,22.424533333333386,22.424533333333386,5.6061333333333465
Big Onion (Imp),Retail,Dambulla,2026-01-01,12.649733333333074,12.649733333333074,6.023682539682416
Big Onion (Imp),Retail,Dambulla,2026-01-02,45.84403333333347,45.84403333333347,27.784262626262706
Big Onion (Imp),Retail,Dambulla,2026-01-03,15.608400000000103,15.608400000000103,9.272500445553437
Big Onion (Imp),Retail,Dambulla,2026-01-04,1.5969166666665728,1.5969166666665728,0.9302246558318711
Big Onion (Imp),Retail,Dambulla,2026-01-05,1.0987499999999386,1.0987499999999386,0.6278571428571078
Big Onion (Imp),Retail,Dambulla,2026-01-06,1.5599000000002263,1.5599000000002263,0.8763483146068687
Big Onion (Imp),Retail,Dambulla,2026-01-07,28.8036666666666,28.8036666666666,13.716031746031716
Big Onion (Imp),Retail,Dambulla,2026-01-08,27.129183333333486,27.129183333333486,15.502390476190564
Big Onion (Imp),Retail,Dambulla,2026-01-09,37.93775000000005,37.93775000000005,26.163965517241415
Big Onion (Imp),Retail,Dambulla,2026-01-10,11.765116666666643,11.765116666666643,7.843411111111095
Big Onion (Imp),Retail,Dambulla,2026-01-11,1.0345666666665068,1.0345666666665068,0.6674623655912947
Big Onion (Imp),Retail,Dambulla,2026-01-12,0.4841166666665515,0.4841166666665515,0.3025729166665947
Big Onion (Imp),Retail,Dambulla,2026-01-13,9.629116666666619,9.629116666666619,5.502352380952353
Big Onion (Imp),Retail,Dambulla,2026-01-14,4.694583333333185,4.694583333333185,2.76151960784305
Big Onion (Imp),Retail,Dambulla,2026-01-15,3.1709166666666704,3.1709166666666704,1.8762820512820535
Big Onion (Imp),Retail,Dambulla,2026-01-16,0.7305000000002053,0.7305000000002053,0.4348214285715508
Big Onion (Imp),Retail,Dambulla,2026-01-17,6.34780000000012,6.34780000000012,3.87841388159108
Big Onion (Imp),Retail,Dambulla,2026-01-18,4.680699999999973,4.680699999999973,2.9377392832485865
Big Onion (Imp),Retail,Dambulla,2026-01-19,6.393000000000029,6.393000000000029,4.124516129032277
Big Onion (Imp),Retail,Dambulla,2026-01-20,14.832849999999894,14.832849999999894,8.475914285714225
Big Onion (Imp),Retail,Dambulla,2026-01-21,17.739700000000028,17.739700000000028,11.444967741935502
Big Onion (Imp),Retail,Dambulla,2026-01-22,8.113666666666518,8.113666666666518,4.772745098039128
Big Onion (Imp),Retail,Dambulla,2026-01-23,46.86310000000006,46.86310000000006,37.49048000000005
Big Onion (Imp),Retail,Pettah,2026-01-01,1.9723000000002173,1.9723000000002173,0.8217916666667572
Big Onion (Imp),Retail,Pettah,2026-01-02,3.2966833333336467,3.2966833333336467,1.373618055555686
Big Onion (Imp),Retail,Pettah,2026-01-03,16.384500000000145,16.384500000000145,7.22834958309443
Big Onion (Imp),Retail,Pettah,2026-01-04,21.578650000000124,21.578650000000124,10.115150236722506
Big Onion (Imp),Retail,Pettah,2026-01-05,16.712600000000066,16.712600000000066,8.356300000000033
Big Onion (Imp),Retail,Pettah,2026-01-06,8.79475000000005,8.79475000000005,4.397375000000025
Big Onion (Imp),Retail,Pettah,2026-01-07,9.624600000000072,9.624600000000072,4.812300000000036
Big Onion (Imp),Retail,Pettah,2026-01-08,12.893783333333317,12.893783333333317,5.860810606060599
Big Onion (Imp),Retail,Pettah,2026-01-09,31.372400000000027,31.372400000000027,16.511789473684225
Big Onion (Imp),Retail,Pettah,2026-01-10,21.590616666666875,21.590616666666875,11.776914125711489
Big Onion (Imp),Retail,Pettah,2026-01-11,10.771533333333451,10.771533333333451,6.096979302277383
Big Onion (Imp),Retail,Pettah,2026-01-12,10.081333333333447,10.081333333333447,5.93019607843144
Big Onion (Imp),Retail,Pettah,2026-01-13,5.617266666666779,5.617266666666779,3.304274509803988
Big Onion (Imp),Retail,Pettah,2026-01-14,5.146100000000189,5.146100000000189,3.0271176470589345
Big Onion (Imp),Retail,Pettah,2026-01-15,8.029733333333638,8.029733333333638,4.723372549019787
Big Onion (Imp),Retail,Pettah,2026-01-16,6.204666666666725,6.204666666666725,3.6498039215686617
Big Onion (Imp),Retail,Pettah,2026-01-17,4.5749833333333925,4.5749833333333925,2.6911666666667013
Big Onion (Imp),Retail,Pettah,2026-01-18,3.9215500000000247,3.9215500000000247,2.3067941176470734
Big Onion (Imp),Retail,Pettah,2026-01-19,3.7708833333333303,3.7708833333333303,2.2181666666666646
Big Onion (Imp),Retail,Pettah,2026-01-20,3.995983333333328,3.995983333333328,2.3505784313725457
Big Onion (Imp),Retail,Pettah,2026-01-21,4.459283333333417,4.459283333333417,2.623107843137304
Big Onion (Imp),Retail,Pettah,2026-01-22,3.616683333333441,3.616683333333441,2.1274607843137887
Big Onion (Imp),Retail,Pettah,2026-01-23,3.4869833333333418,3.4869833333333418,2.0511666666666715
Big Onion (Imp),Wholesale,Dambulla,2026-01-01,5.215650000000011,5.215650000000011,2.7450789473684267
Big Onion (Imp),Wholesale,Dambulla,2026-01-02,44.01308333333344,44.01308333333344,30.353850574712716
Big Onion (Imp),Wholesale,Dambulla,2026-01-03,9.614666666666807,9.614666666666807,6.481943414458846
Big Onion (Imp),Wholesale,Dambulla,2026-01-04,1.4991499999999292,1.4991499999999292,0.9884288257400471
Big Onion (Imp),Wholesale,Dambulla,2026-01-05,0.9839166666665449,0.9839166666665449,0.6347849462364805
Big Onion (Imp),Wholesale,Dambulla,2026-01-06,0.4848499999997671,0.4848499999997671,0.3068670886074475
Big Onion (Imp),Wholesale,Dambulla,2026-01-07,30.848766666666705,30.848766666666705,16.23619298245616
Big Onion (Imp),Wholesale,Dambulla,2026-01-08,25.647500000000093,25.647500000000093,16.546774193548448
Big Onion (Imp),Wholesale,Dambulla,2026-01-09,39.40466666666663,39.40466666666663,31.523733333333304
Big Onion (Imp),Wholesale,Dambulla,2026-01-10,13.669466666666636,13.669466666666636,10.514974358974335
Big Onion (Imp),Wholesale,Dambulla,2026-01-11,1.1246500000000594,1.1246500000000594,0.8330740740741182
Big Onion (Imp),Wholesale,Dambulla,2026-01-12,1.588283333333436,1.588283333333436,1.1344880952381686
Big Onion (Imp),Wholesale,Dambulla,2026-01-13,11.354566666666557,11.354566666666557,7.32552688172036
Big Onion (Imp),Wholesale,Dambulla,2026-01-14,5.293766666666727,5.293766666666727,3.529177777777818
Big Onion (Imp),Wholesale,Dambulla,2026-01-15,4.269300000000072,4.269300000000072,2.8653020134228675
Big Onion (Imp),Wholesale,Dambulla,2026-01-16,4.464233333333226,4.464233333333226,3.0163738738738015
Big Onion (Imp),Wholesale,Dambulla,2026-01-17,7.333466666666737,7.333466666666737,5.104382728939053
Big Onion (Imp),Wholesale,Dambulla,2026-01-18,6.758333333333354,6.758333333333354,4.850594511830441
Big Onion (Imp),Wholesale,Dambulla,2026-01-19,7.252733333333509,7.252733333333509,5.372395061728525
Big Onion (Imp),Wholesale,Dambulla,2026-01-20,13.668599999999799,13.668599999999799,8.818451612903095
Big Onion (Imp),Wholesale,Dambulla,2026-01-21,20.61220000000006,20.61220000000006,15.268296296296338
Big Onion (Imp),Wholesale,Dambulla,2026-01-22,7.507466666666716,7.507466666666716,5.00497777777781
Big Onion (Imp),Wholesale,Dambulla,2026-01-23,45.4138333333334,45.4138333333334,43.25126984126991
Big Onion (Imp),Wholesale,Pettah,2026-01-01,5.759533333333479,5.759533333333479,3.235692883895213
Big Onion (Imp),Wholesale,Pettah,2026-01-02,4.474533333333511,4.474533333333511,2.556876190476292
Big Onion (Imp),Wholesale,Pettah,2026-01-03,7.9426333333334185,7.9426333333334185,4.690623831177829
Big Onion (Imp),Wholesale,Pettah,2026-01-04,8.79116666666684,8.79116666666684,5.371275534103281
Big Onion (Imp),Wholesale,Pettah,2026-01-05,6.087199999999996,6.087199999999996,3.8526582278480985
Big Onion (Imp),Wholesale,Pettah,2026-01-06,17.60853333333327,17.60853333333327,12.228148148148104
Big Onion (Imp),Wholesale,Pettah,2026-01-07,0.8374833333332958,0.8374833333332958,0.5583222222221972
Big Onion (Imp),Wholesale,Pettah,2026-01-08,5.962666666666678,5.962666666666678,4.08401826484019
Big Onion (Imp),Wholesale,Pettah,2026-01-09,10.658183333333398,10.658183333333398,7.612988095238141
Big Onion (Imp),Wholesale,Pettah,2026-01-10,2.7317166666667276,2.7317166666667276,1.9699406264272936
Big Onion (Imp),Wholesale,Pettah,2026-01-11,3.419333333333384,3.419333333333384,2.4898662588898155
Big Onion (Imp),Wholesale,Pettah,2026-01-12,3.383116666666723,3.383116666666723,2.487585784313767
Big Onion (Imp),Wholesale,Pettah,2026-01-13,3.2459333333334826,3.2459333333334826,2.3867156862746195
Big Onion (Imp),Wholesale,Pettah,2026-01-14,3.7353333333332728,3.7353333333332728,2.746568627450936
Big Onion (Imp),Wholesale,Pettah,2026-01-15,4.532283333333368,4.532283333333368,3.3572469135802723
Big Onion (Imp),Wholesale,Pettah,2026-01-16,5.355050000000034,5.355050000000034,3.996305970149279
Big Onion (Imp),Wholesale,Pettah,2026-01-17,4.09541666666675,4.09541666666675,3.0562810945274257
Big Onion (Imp),Wholesale,Pettah,2026-01-18,3.34376666666671,3.34376666666671,2.4953482587065
Big Onion (Imp),Wholesale,Pettah,2026-01-19,3.0765916666666726,3.0765916666666726,2.2959639303482633
Big Onion (Imp),Wholesale,Pettah,2026-01-20,4.162633333333304,4.162633333333304,3.129799498746845
Big Onion (Imp),Wholesale,Pettah,2026-01-21,5.2430999999999415,5.2430999999999415,4.002366412213696
Big Onion (Imp),Wholesale,Pettah,2026-01-22,4.277099999999905,4.277099999999905,3.2900769230768496
Big Onion (Imp),Wholesale,Pettah,2026-01-23,7.0694333333333645,7.0694333333333645,5.566482939632571
Brinjal,Retail,Dambulla,2026-01-01,52.65458333333322,52.65458333333322,10.969704861111088
Brinjal,Retail,Dambulla,2026-01-02,23.408516666666742,23.408516666666742,4.876774305555571
Brinjal,Retail,Dambulla,2026-01-03,3.429016666667053,3.429016666667053,0.726994862227204
Brinjal,Retail,Dambulla,2026-01-04,2.512333333333345,2.512333333333345,0.5422341167922096
Brinjal,Retail,Dambulla,2026-01-05,5.549983333333273,5.549983333333273,1.2197765567765435
Brinjal,Retail,Dambulla,2026-01-06,95.80668333333335,95.80668333333335,26.987798122065733
Brinjal,Retail,Dambulla,2026-01-07,67.82258333333334,67.82258333333334,14.906062271062273
Brinjal,Retail,Dambulla,2026-01-08,94.64845000000014,94.64845000000014,28.681348484848527
Brinjal,Retail,Dambulla,2026-01-09,75.33198333333326,75.33198333333326,24.699010928961723
Brinjal,Retail,Dambulla,2026-01-10,4.082850000000178,4.082850000000178,1.269266639723996
Brinjal,Retail,Dambulla,2026-01-11,2.553733333333298,2.553733333333298,0.7548054660636947
Brinjal,Retail,Dambulla,2026-01-12,11.353316666666672,11.353316666666672,3.19811737089202
Brinjal,Retail,Dambulla,2026-01-13,44.78274999999985,44.78274999999985,14.682868852458967
Brinjal,Retail,Dambulla,2026-01-14,88.62131666666659,88.62131666666659,40.282416666666634
Brinjal,Retail,Dambulla,2026-01-15,36.54335000000009,36.54335000000009,16.610613636363677
Brinjal,Retail,Dambulla,2026-01-16,14.408333333333417,14.408333333333417,6.549242424242461
Brinjal,Retail,Dambulla,2026-01-17,3.22378333333333,3.22378333333333,1.465356060606059
Brinjal,Retail,Dambulla,2026-01-18,1.114833333333337,1.114833333333337,0.5067424242424259
Brinjal,Retail,Dambulla,2026-01-19,2.4245999999998844,2.4245999999998844,1.1020909090908566
Brinjal,Retail,Dambulla,2026-01-20,23.52268333333342,23.52268333333342,11.76134166666671
Brinjal,Retail,Dambulla,2026-01-21,1.1248666666666622,1.1248666666666622,0.5487154471544694
Brinjal,Retail,Dambulla,2026-01-22,2.922383333333215,2.922383333333215,1.3916111111110547
Brinjal,Retail,Dambulla,2026-01-23,7.363899999999973,7.363899999999973,3.34722727272726
Brinjal,Retail,Pettah,2026-01-01,39.60433333333344,39.60433333333344,7.920866666666688
Brinjal,Retail,Pettah,2026-01-02,92.32546666666644,92.32546666666644,23.08136666666661
Brinjal,Retail,Pettah,2026-01-03,29.952716666666618,29.952716666666618,7.188594491244057
Brinjal,Retail,Pettah,2026-01-04,10.848866666666652,10.848866666666652,2.5036038738759494
Brinjal,Retail,Pettah,2026-01-05,9.771550000000104,9.771550000000104,2.171455555555579
Brinjal,Retail,Pettah,2026-01-06,4.40303333333344,4.40303333333344,0.9784518518518754
Brinjal,Retail,Pettah,2026-01-07,0.8397000000000503,0.8397000000000503,0.18660000000001117
Brinjal,Retail,Pettah,2026-01-08,43.651066666666395,43.651066666666395,10.912766666666599
Brinjal,Retail,Pettah,2026-01-09,6.8160166666666555,6.8160166666666555,1.7040041666666637
Brinjal,Retail,Pettah,2026-01-10,15.776899999999898,15.776899999999898,4.115748832598518
Brinjal,Retail,Pettah,2026-01-11,13.128549999999962,13.128549999999962,3.580481086535566
Brinjal,Retail,Pettah,2026-01-12,6.98294999999996,6.98294999999996,1.9951285714285598
Brinjal,Retail,Pettah,2026-01-13,41.661550000000204,41.661550000000204,10.415387500000051
Brinjal,Retail,Pettah,2026-01-14,14.668049999999937,14.668049999999937,3.6670124999999847
Brinjal,Retail,Pettah,2026-01-15,12.592816666666693,12.592816666666693,3.3580844444444513
Brinjal,Retail,Pettah,2026-01-16,24.996550000000127,24.996550000000127,7.1418714285714655
Brinjal,Retail,Pettah,2026-01-17,15.233700000000056,15.233700000000056,4.570155701557033
Brinjal,Retail,Pettah,2026-01-18,14.149116666666714,14.149116666666714,4.46809507268346
Brinjal,Retail,Pettah,2026-01-19,10.358933333333368,10.358933333333368,3.4529777777777895
Brinjal,Retail,Pettah,2026-01-20,103.5877833333335,103.5877833333335,51.793891666666745
Brinjal,Retail,Pettah,2026-01-21,43.259999999999934,43.259999999999934,21.629999999999967
Brinjal,Retail,Pettah,2026-01-22,24.341899999999953,24.341899999999953,12.170949999999976
Brinjal,Retail,Pettah,2026-01-23,14.799899999999866,14.799899999999866,7.399949999999933
Brinjal,Wholesale,Dambulla,2026-01-01,58.182833333333406,58.182833333333406,12.929518518518535
Brinjal,Wholesale,Dambulla,2026-01-02,28.862366666666787,28.862366666666787,6.413859259259286
Brinjal,Wholesale,Dambulla,2026-01-03,6.649900000000059,6.649900000000059,1.5056263726311632
Brinjal,Wholesale,Dambulla,2026-01-04,10.836216666666758,10.836216666666758,2.5006846206509494
Brinjal,Wholesale,Dambulla,2026-01-05,7.071666666666658,7.071666666666658,1.663921568627449
Brinjal,Wholesale,Dambulla,2026-01-06,87.45111666666651,87.45111666666651,26.908035897435852
Brinjal,Wholesale,Dambulla,2026-01-07,63.87158333333332,63.87158333333332,15.028607843137252
Brinjal,Wholesale,Dambulla,2026-01-08,96.41488333333336,96.41488333333336,32.138294444444455
Brinjal,Wholesale,Dambulla,2026-01-09,57.5464166666668,57.5464166666668,20.925969696969744
Brinjal,Wholesale,Dambulla,2026-01-10,13.134900000000016,13.134900000000016,4.503342818939218
Brinjal,Wholesale,Dambulla,2026-01-11,21.1717000000001,21.1717000000001,6.866571530503066
Brinjal,Wholesale,Dambulla,2026-01-12,23.8877999999998,23.8877999999998,7.350092307692247
Brinjal,Wholesale,Dambulla,2026-01-13,50.98719999999997,50.98719999999997,18.54079999999999
Brinjal,Wholesale,Dambulla,2026-01-14,96.47059999999999,96.47059999999999,50.773999999999994
Brinjal,Wholesale,Dambulla,2026-01-15,45.90456666666657,45.90456666666657,24.160298245613983
Brinjal,Wholesale,Dambulla,2026-01-16,16.12701666666672,16.12701666666672,8.487903508771957
Brinjal,Wholesale,Dambulla,2026-01-17,6.331583333333441,6.331583333333441,3.332412280701811
Brinjal,Wholesale,Dambulla,2026-01-18,0.17088333333330752,0.17088333333330752,0.08993859649121448
Brinjal,Wholesale,Dambulla,2026-01-19,2.967883333333333,2.967883333333333,1.5620438596491226
Brinjal,Wholesale,Dambulla,2026-01-20,22.234883333333386,22.234883333333386,13.079343137254934
Brinjal,Wholesale,Dambulla,2026-01-21,6.402500000000089,6.402500000000089,3.658571428571479
Brinjal,Wholesale,Dambulla,2026-01-22,5.914783333333304,5.914783333333304,3.2859907407407247
Brinjal,Wholesale,Dambulla,2026-01-23,11.305216666666581,11.305216666666581,5.950114035087674
Brinjal,Wholesale,Pettah,2026-01-01,28.130433333333315,28.130433333333315,6.251207407407404
Brinjal,Wholesale,Pettah,2026-01-02,92.9410333333334,92.9410333333334,26.554580952380967
Brinjal,Wholesale,Pettah,2026-01-03,31.81461666666678,31.81461666666678,8.676634757865868
Brinjal,Wholesale,Pettah,2026-01-04,12.850733333333153,12.850733333333153,3.352394368646637
Brinjal,Wholesale,Pettah,2026-01-05,16.68166666666673,16.68166666666673,4.170416666666682
Brinjal,Wholesale,Pettah,2026-01-06,11.593683333333388,11.593683333333388,2.898420833333347
Brinjal,Wholesale,Pettah,2026-01-07,19.744083333333265,19.744083333333265,4.936020833333316
Brinjal,Wholesale,Pettah,2026-01-08,25.530699999999968,25.530699999999968,7.294485714285705
Brinjal,Wholesale,Pettah,2026-01-09,1.3897500000000491,1.3897500000000491,0.3970714285714426
Brinjal,Wholesale,Pettah,2026-01-10,1.0641166666667914,1.0641166666667914,0.31923819238196127
Brinjal,Wholesale,Pettah,2026-01-11,16.85376666666673,16.85376666666673,5.322186082251785
Brinjal,Wholesale,Pettah,2026-01-12,3.4582000000000903,3.4582000000000903,1.1527333333333634
Brinjal,Wholesale,Pettah,2026-01-13,52.15708333333333,52.15708333333333,14.90202380952381
Brinjal,Wholesale,Pettah,2026-01-14,10.797033333333388,10.797033333333388,3.084866666666682
Brinjal,Wholesale,Pettah,2026-01-15,24.594383333333326,24.594383333333326,7.567502564102561
Brinjal,Wholesale,Pettah,2026-01-16,26.420066666666685,26.420066666666685,8.806688888888894
Brinjal,Wholesale,Pettah,2026-01-17,29.358500000000106,29.358500000000106,11.009299883751492
Brinjal,Wholesale,Pettah,2026-01-18,28.38061666666644,28.38061666666644,12.163295189931187
Brinjal,Wholesale,Pettah,2026-01-19,36.14705000000009,36.14705000000009,18.073525000000046
Brinjal,Wholesale,Pettah,2026-01-20,64.63188333333338,64.63188333333338,43.087922222222254
Brinjal,Wholesale,Pettah,2026-01-21,35.88998333333342,35.88998333333342,23.926655555555612
Brinjal,Wholesale,Pettah,2026-01-22,19.2813666666668,19.2813666666668,12.854244444444532
Brinjal,Wholesale,Pettah,2026-01-23,8.739666666666722,8.739666666666722,5.826444444444482
Cabbage,Retail,Dambulla,2026-01-01,6.871383333333199,6.871383333333199,2.6946601307189013
Cabbage,Retail,Dambulla,2026-01-02,6.923833333333221,6.923833333333221,2.5643827160493413
Cabbage,Retail,Dambulla,2026-01-03,13.75795000000008,13.75795000000008,5.430841195278916
Cabbage,Retail,Dambulla,2026-01-04,20.817883333333356,20.817883333333356,8.796164842748704
Cabbage,Retail,Dambulla,2026-01-05,12.742866666666544,12.742866666666544,5.792212121212065
Cabbage,Retail,Dambulla,2026-01-06,13.299516666666676,13.299516666666676,5.541465277777782
Cabbage,Retail,Dambulla,2026-01-07,9.689400000000006,9.689400000000006,4.306400000000003
Cabbage,Retail,Dambulla,2026-01-08,3.3576166666668428,3.3576166666668428,1.526189393939474
Cabbage,Retail,Dambulla,2026-01-09,14.351533333333435,14.351533333333435,7.000747967479724
Cabbage,Retail,Dambulla,2026-01-10,3.524883333333321,3.524883333333321,1.7194552845528395
Cabbage,Retail,Dambulla,2026-01-11,1.8166666666665492,1.8166666666665492,0.8861788617885606
Cabbage,Retail,Dambulla,2026-01-12,2.817550000000125,2.817550000000125,1.3744146341464025
Cabbage,Retail,Dambulla,2026-01-13,26.83443333333335,26.83443333333335,11.418907801418447
Cabbage,Retail,Dambulla,2026-01-14,13.3447666666668,13.3447666666668,6.206868217054326
Cabbage,Retail,Dambulla,2026-01-15,4.698433333333355,4.698433333333355,2.237349206349217
Cabbage,Retail,Dambulla,2026-01-16,2.043566666666777,2.043566666666777,0.99686178861794
Cabbage,Retail,Dambulla,2026-01-17,0.36284999999998035,0.36284999999998035,0.17699999999999042
Cabbage,Retail,Dambulla,2026-01-18,1.7899500000001467,1.7899500000001467,0.8731463414634861
Cabbage,Retail,Dambulla,2026-01-19,1.5459833333333677,1.5459833333333677,0.7541382113821306
Cabbage,Retail,Dambulla,2026-01-20,2.699416666666707,2.699416666666707,1.3167886178861987
Cabbage,Retail,Dambulla,2026-01-21,22.94878333333324,22.94878333333324,9.977731884057931
Cabbage,Retail,Dambulla,2026-01-22,39.649916666666854,39.649916666666854,21.43238738738749
Cabbage,Retail,Dambulla,2026-01-23,35.6591499999999,35.6591499999999,15.50397826086952
Cabbage,Retail,Pettah,2026-01-01,47.91176666666638,47.91176666666638,15.970588888888793
Cabbage,Retail,Pettah,2026-01-02,37.16795000000002,37.16795000000002,10.619414285714292
Cabbage,Retail,Pettah,2026-01-03,6.029266666666558,6.029266666666558,1.722647619047588
Cabbage,Retail,Pettah,2026-01-04,3.591666666666697,3.591666666666697,1.026190476190485
Cabbage,Retail,Pettah,2026-01-05,3.488266666666675,3.488266666666675,0.9966476190476214
Cabbage,Retail,Pettah,2026-01-06,5.7494833333332735,5.7494833333332735,1.6427095238095066
Cabbage,Retail,Pettah,2026-01-07,8.44749999999982,8.44749999999982,2.413571428571377
Cabbage,Retail,Pettah,2026-01-08,42.021250000000066,42.021250000000066,14.007083333333355
Cabbage,Retail,Pettah,2026-01-09,52.24161666666657,52.24161666666657,20.89664666666663
Cabbage,Retail,Pettah,2026-01-10,1.3444833333334145,1.3444833333334145,0.523817872495194
Cabbage,Retail,Pettah,2026-01-11,6.874783333333198,6.874783333333198,2.610710262155166
Cabbage,Retail,Pettah,2026-01-12,7.376416666666614,7.376416666666614,2.732006172839487
Cabbage,Retail,Pettah,2026-01-13,0.7417166666667185,0.7417166666667185,0.2747098765432291
Cabbage,Retail,Pettah,2026-01-14,29.687866666666764,29.687866666666764,9.895955555555588
Cabbage,Retail,Pettah,2026-01-15,5.97496666666666,5.97496666666666,1.9916555555555535
Cabbage,Retail,Pettah,2026-01-16,4.450083333333282,4.450083333333282,1.483361111111094
Cabbage,Retail,Pettah,2026-01-17,3.7835000000000036,3.7835000000000036,1.3046551724137945
Cabbage,Retail,Pettah,2026-01-18,6.554833333333249,6.554833333333249,2.341011904761875
Cabbage,Retail,Pettah,2026-01-19,6.147800000000132,6.147800000000132,2.2769629629630117
Cabbage,Retail,Pettah,2026-01-20,18.638866666666615,18.638866666666615,7.4555466666666455
Cabbage,Retail,Pettah,2026-01-21,28.153149999999982,28.153149999999982,12.240499999999992
Cabbage,Retail,Pettah,2026-01-22,0.9720666666667057,0.9720666666667057,0.4226376811594373
Cabbage,Retail,Pettah,2026-01-23,7.830100000000215,7.830100000000215,3.4043913043479193
Cabbage,Wholesale,Dambulla,2026-01-01,2.679833333333306,2.679833333333306,1.191037037037025
Cabbage,Wholesale,Dambulla,2026-01-02,14.110799999999955,14.110799999999955,5.8794999999999815
Cabbage,Wholesale,Dambulla,2026-01-03,11.784983333333543,11.784983333333543,5.276936969208589
Cabbage,Wholesale,Dambulla,2026-01-04,21.01028333333332,21.01028333333332,10.16610215964258
Cabbage,Wholesale,Dambulla,2026-01-05,13.647100000000052,13.647100000000052,7.182684210526342
Cabbage,Wholesale,Dambulla,2026-01-06,15.462883333333366,15.462883333333366,7.363277777777793
Cabbage,Wholesale,Dambulla,2026-01-07,7.897433333333481,7.897433333333481,4.049965811965888
Cabbage,Wholesale,Dambulla,2026-01-08,8.641650000000027,8.641650000000027,4.548236842105277
Cabbage,Wholesale,Dambulla,2026-01-09,18.030966666666814,18.030966666666814,10.303409523809608
Cabbage,Wholesale,Dambulla,2026-01-10,1.9730833333332498,1.9730833333332498,1.1274761904761426
Cabbage,Wholesale,Dambulla,2026-01-11,1.5893000000000086,1.5893000000000086,0.9081714285714335
Cabbage,Wholesale,Dambulla,2026-01-12,1.763083333333384,1.763083333333384,1.0074761904762193
Cabbage,Wholesale,Dambulla,2026-01-13,25.10519999999991,25.10519999999991,12.2464390243902
Cabbage,Wholesale,Dambulla,2026-01-14,7.739283333333503,7.739283333333503,4.183396396396488
Cabbage,Wholesale,Dambulla,2026-01-15,4.43593333333331,4.43593333333331,2.4644074074073945
Cabbage,Wholesale,Dambulla,2026-01-16,4.3910166666668715,4.3910166666668715,2.509152380952498
Cabbage,Wholesale,Dambulla,2026-01-17,0.29661666666657993,0.29661666666657993,0.16949523809518852
Cabbage,Wholesale,Dambulla,2026-01-18,1.652133333333353,1.652133333333353,0.9440761904762017
Cabbage,Wholesale,Dambulla,2026-01-19,0.9771666666667045,0.9771666666667045,0.558380952380974
Cabbage,Wholesale,Dambulla,2026-01-20,3.157150000000115,3.157150000000115,1.8040857142857802
Cabbage,Wholesale,Dambulla,2026-01-21,23.713149999999928,23.713149999999928,11.856574999999964
Cabbage,Wholesale,Dambulla,2026-01-22,36.03538333333353,36.03538333333353,23.248634408602275
Cabbage,Wholesale,Dambulla,2026-01-23,37.36803333333333,37.36803333333333,18.684016666666665
Cabbage,Wholesale,Pettah,2026-01-01,45.10659999999996,45.10659999999996,18.04263999999998
Cabbage,Wholesale,Pettah,2026-01-02,35.16183333333345,35.16183333333345,11.72061111111115
Cabbage,Wholesale,Pettah,2026-01-03,13.79061666666638,13.79061666666638,4.596872222222126
Cabbage,Wholesale,Pettah,2026-01-04,0.24456666666668525,0.24456666666668525,0.08152222222222842
Cabbage,Wholesale,Pettah,2026-01-05,3.2106833333333498,3.2106833333333498,1.0702277777777833
Cabbage,Wholesale,Pettah,2026-01-06,5.8552333333334445,5.8552333333334445,1.9517444444444816
Cabbage,Wholesale,Pettah,2026-01-07,4.115200000000073,4.115200000000073,1.3717333333333577
Cabbage,Wholesale,Pettah,2026-01-08,41.61019999999996,41.61019999999996,16.644079999999985
Cabbage,Wholesale,Pettah,2026-01-09,65.57763333333332,65.57763333333332,32.78881666666666
Cabbage,Wholesale,Pettah,2026-01-10,19.113783333333487,19.113783333333487,9.248455670069912
Cabbage,Wholesale,Pettah,2026-01-11,3.4233833333331916,3.4233833333331916,1.604736011500113
Cabbage,Wholesale,Pettah,2026-01-12,6.3595833333332905,6.3595833333332905,2.8907196969696773
Cabbage,Wholesale,Pettah,2026-01-13,2.1105000000000587,2.1105000000000587,0.9593181818182086
Cabbage,Wholesale,Pettah,2026-01-14,26.615116666666637,26.615116666666637,10.646046666666654
Cabbage,Wholesale,Pettah,2026-01-15,4.497233333333412,4.497233333333412,1.7988933333333648
Cabbage,Wholesale,Pettah,2026-01-16,5.839749999999981,5.839749999999981,2.3358999999999925
Cabbage,Wholesale,Pettah,2026-01-17,8.431783333333442,8.431783333333442,3.513243055555601
Cabbage,Wholesale,Pettah,2026-01-18,10.318850000000168,10.318850000000168,4.486456521739203
Cabbage,Wholesale,Pettah,2026-01-19,11.727183333333386,11.727183333333386,5.3305378787879025
Cabbage,Wholesale,Pettah,2026-01-20,22.492166666666947,22.492166666666947,11.246083333333473
Cabbage,Wholesale,Pettah,2026-01-21,23.991200000000106,23.991200000000106,13.328444444444504
Cabbage,Wholesale,Pettah,2026-01-22,3.7683333333335156,3.7683333333335156,2.09351851851862
Cabbage,Wholesale,Pettah,2026-01-23,4.4774333333332095,4.4774333333332095,2.487462962962894
Carrot,Retail,Dambulla,2026-01-01,52.75289999999984,52.75289999999984,17.296032786885192
Carrot,Retail,Dambulla,2026-01-02,106.55492499999991,106.55492499999991,27.32177564102562
Carrot,Retail,Dambulla,2026-01-03,34.78558333333336,34.78558333333336,8.806476793248953
Carrot,Retail,Dambulla,2026-01-04,3.5296666666668557,3.5296666666668557,0.8824166666667139
Carrot,Retail,Dambulla,2026-01-05,3.345016666666538,3.345016666666538,0.8259300411522317
Carrot,Retail,Dambulla,2026-01-06,20.910650000000146,20.910650000000146,5.502802631578986
Carrot,Retail,Dambulla,2026-01-07,56.75296666666662,56.75296666666662,12.898401515151505
Carrot,Retail,Dambulla,2026-01-08,73.72915,73.72915,20.768774647887327
Carrot,Retail,Dambulla,2026-01-09,59.21370000000002,59.21370000000002,18.798000000000005
Carrot,Retail,Dambulla,2026-01-10,25.048633333333385,25.048633333333385,8.349544444444462
Carrot,Retail,Dambulla,2026-01-11,17.670383333333177,17.670383333333177,6.200134502923922
Carrot,Retail,Dambulla,2026-01-12,19.933149999999955,19.933149999999955,7.382648148148132
Carrot,Retail,Dambulla,2026-01-13,41.89123333333316,41.89123333333316,13.298804232804178
Carrot,Retail,Dambulla,2026-01-14,2.9818833333333714,2.9818833333333714,0.9939611111111237
Carrot,Retail,Dambulla,2026-01-15,38.122616666666545,38.122616666666545,11.379885572139267
Carrot,Retail,Dambulla,2026-01-16,45.56465000000014,45.56465000000014,12.314770270270309
Carrot,Retail,Dambulla,2026-01-17,9.13594999999998,9.13594999999998,2.561457369557288
Carrot,Retail,Dambulla,2026-01-18,8.807999999999993,8.807999999999993,2.5654618006000036
Carrot,Retail,Dambulla,2026-01-19,8.617566666666733,8.617566666666733,2.6113838383838583
Carrot,Retail,Dambulla,2026-01-20,45.28759999999994,45.28759999999994,16.174142857142837
Carrot,Retail,Dambulla,2026-01-21,27.880383333333214,27.880383333333214,8.71261979166663
Carrot,Retail,Dambulla,2026-01-22,43.73971666666682,43.73971666666682,16.199895061728455
Carrot,Retail,Dambulla,2026-01-23,83.24496666666653,83.24496666666653,22.806840182648365
Carrot,Retail,Pettah,2026-01-01,52.100666666666655,52.100666666666655,14.885904761904758
Carrot,Retail,Pettah,2026-01-02,4.76223333333337,4.76223333333337,1.3606380952381056
Carrot,Retail,Pettah,2026-01-03,35.808033333333526,35.808033333333526,9.34130731571584
Carrot,Retail,Pettah,2026-01-04,29.152483333333294,29.152483333333294,6.996540027679769
Carrot,Retail,Pettah,2026-01-05,30.205450000000155,30.205450000000155,6.712322222222257
Carrot,Retail,Pettah,2026-01-06,11.235533333333422,11.235533333333422,2.4967851851852045
Carrot,Retail,Pettah,2026-01-07,28.587800000000243,28.587800000000243,6.082510638297924
Carrot,Retail,Pettah,2026-01-08,6.0582500000001005,6.0582500000001005,1.3462777777778001
Carrot,Retail,Pettah,2026-01-09,56.162633333333076,56.162633333333076,14.040658333333269
Carrot,Retail,Pettah,2026-01-10,2.6718499999999494,2.6718499999999494,0.6679624999999874
Carrot,Retail,Pettah,2026-01-11,4.824166666666713,4.824166666666713,1.2060416666666782
Carrot,Retail,Pettah,2026-01-12,0.2132166666666535,0.2132166666666535,0.05330416666666337
Carrot,Retail,Pettah,2026-01-13,1.9827833333332023,1.9827833333332023,0.49569583333330064
Carrot,Retail,Pettah,2026-01-14,4.481399999999951,4.481399999999951,1.1203499999999877
Carrot,Retail,Pettah,2026-01-15,6.7366166666666345,6.7366166666666345,1.6841541666666584
Carrot,Retail,Pettah,2026-01-16,10.746666666666556,10.746666666666556,2.686666666666639
Carrot,Retail,Pettah,2026-01-17,12.192016666666689,12.192016666666689,3.048004166666672
Carrot,Retail,Pettah,2026-01-18,13.215583333333313,13.215583333333313,3.3038958333333284
Carrot,Retail,Pettah,2026-01-19,15.368033333333301,15.368033333333301,3.8420083333333253
Carrot,Retail,Pettah,2026-01-20,31.275416666666843,31.275416666666843,8.935833333333383
Carrot,Retail,Pettah,2026-01-21,5.497166666666885,5.497166666666885,1.5706190476191102
Carrot,Retail,Pettah,2026-01-22,9.24398333333346,9.24398333333346,2.6411380952381314
Carrot,Retail,Pettah,2026-01-23,4.829433333333441,4.829433333333441,1.379838095238126
Carrot,Wholesale,Dambulla,2026-01-01,50.076833333333354,50.076833333333354,18.209757575757585
Carrot,Wholesale,Dambulla,2026-01-02,99.25891666666661,99.25891666666661,27.57192129629628
Carrot,Wholesale,Dambulla,2026-01-03,36.68959999999993,36.68959999999993,10.051945205479432
Carrot,Wholesale,Dambulla,2026-01-04,6.876333333333207,6.876333333333207,1.8584684684684345
Carrot,Wholesale,Dambulla,2026-01-05,5.154749999999922,5.154749999999922,1.3745999999999792
Carrot,Wholesale,Dambulla,2026-01-06,18.273033333333274,18.273033333333274,5.220866666666649
Carrot,Wholesale,Dambulla,2026-01-07,58.589816666666536,58.589816666666536,14.29019918699184
Carrot,Wholesale,Dambulla,2026-01-08,77.1946833333335,77.1946833333335,23.752210256410308
Carrot,Wholesale,Dambulla,2026-01-09,64.13951666666662,64.13951666666662,22.505093567251446
Carrot,Wholesale,Dambulla,2026-01-10,40.470099999999945,40.470099999999945,14.988925925925905
Carrot,Wholesale,Dambulla,2026-01-11,26.88928333333348,26.88928333333348,10.54481699346411
Carrot,Wholesale,Dambulla,2026-01-12,24.358049999999935,24.358049999999935,10.149187499999973
Carrot,Wholesale,Dambulla,2026-01-13,31.17128333333332,31.17128333333332,10.937292397660814
Carrot,Wholesale,Dambulla,2026-01-14,12.71081666666663,12.71081666666663,4.707709876543197
Carrot,Wholesale,Dambulla,2026-01-15,31.14643333333322,31.14643333333322,10.211945355191219
Carrot,Wholesale,Dambulla,2026-01-16,48.79859999999991,48.79859999999991,14.352529411764678
Carrot,Wholesale,Dambulla,2026-01-17,3.3769666666666467,3.3769666666666467,1.033754757604508
Carrot,Wholesale,Dambulla,2026-01-18,21.00568333333348,21.00568333333348,6.704012808646947
Carrot,Wholesale,Dambulla,2026-01-19,11.020750000000021,11.020750000000021,3.6735833333333403
Carrot,Wholesale,Dambulla,2026-01-20,47.85133333333329,47.85133333333329,19.140533333333316
Carrot,Wholesale,Dambulla,2026-01-21,24.840400000000102,24.840400000000102,8.565655172413829
Carrot,Wholesale,Dambulla,2026-01-22,47.096183333333215,47.096183333333215,19.623409722222174
Carrot,Wholesale,Dambulla,2026-01-23,77.69108333333327,77.69108333333327,23.19136815920396
Carrot,Wholesale,Pettah,2026-01-01,47.12251666666654,47.12251666666654,15.707505555555516
Carrot,Wholesale,Pettah,2026-01-02,13.577249999999935,13.577249999999935,4.525749999999978
Carrot,Wholesale,Pettah,2026-01-03,41.85801666666657,41.85801666666657,12.557530575305725
Carrot,Wholesale,Pettah,2026-01-04,26.565733333333128,26.565733333333128,7.24513413514417
Carrot,Wholesale,Pettah,2026-01-05,27.71243333333348,27.71243333333348,6.92810833333337
Carrot,Wholesale,Pettah,2026-01-06,1.6593333333333362,1.6593333333333362,0.41483333333333405
Carrot,Wholesale,Pettah,2026-01-07,50.629833333333295,50.629833333333295,11.251074074074067
Carrot,Wholesale,Pettah,2026-01-08,29.74536666666677,29.74536666666677,7.436341666666692
Carrot,Wholesale,Pettah,2026-01-09,56.209199999999896,56.209199999999896,16.0597714285714
Carrot,Wholesale,Pettah,2026-01-10,3.7195166666667205,3.7195166666667205,1.062719047619063
Carrot,Wholesale,Pettah,2026-01-11,0.9899833333333845,0.9899833333333845,0.28285238095239557
Carrot,Wholesale,Pettah,2026-01-12,4.390666666666675,4.390666666666675,1.2544761904761927
Carrot,Wholesale,Pettah,2026-01-13,3.866383333333488,3.866383333333488,1.1046809523809966
Carrot,Wholesale,Pettah,2026-01-14,0.709433333333493,0.709433333333493,0.20269523809528373
Carrot,Wholesale,Pettah,2026-01-15,3.4501499999997236,3.4501499999997236,0.9857571428570638
Carrot,Wholesale,Pettah,2026-01-16,1.0498833333332414,1.0498833333332414,0.29996666666664035
Carrot,Wholesale,Pettah,2026-01-17,2.7662333333332754,2.7662333333332754,0.7903523809523644
Carrot,Wholesale,Pettah,2026-01-18,2.1183666666665317,2.1183666666665317,0.6052476190475805
Carrot,Wholesale,Pettah,2026-01-19,3.861716666666439,3.861716666666439,1.103347619047554
Carrot,Wholesale,Pettah,2026-01-20,45.60305000000017,45.60305000000017,15.201016666666723
Carrot,Wholesale,Pettah,2026-01-21,1.5338500000000295,1.5338500000000295,0.5112833333333432
Carrot,Wholesale,Pettah,2026-01-22,1.0709499999998684,1.0709499999998684,0.35698333333328947
Carrot,Wholesale,Pettah,2026-01-23,0.8434999999998922,0.8434999999998922,0.2811666666666307
Green Chilli,Retail,Dambulla,2026-01-01,80.99833333333368,80.99833333333368,7.863915857605211
Green Chilli,Retail,Dambulla,2026-01-02,89.33425000000011,89.33425000000011,7.570699152542382
Green Chilli,Retail,Dambulla,2026-01-03,126.49683333333394,126.49683333333394,12.48328119500399
Green Chilli,Retail,Dambulla,2026-01-04,217.96883333333346,217.96883333333346,25.744249038389626
Green Chilli,Retail,Dambulla,2026-01-05,259.15700000000004,259.15700000000004,38.11132352941177
Green Chilli,Retail,Dambulla,2026-01-06,32.666666666666515,32.666666666666515,4.188034188034169
Green Chilli,Retail,Dambulla,2026-01-07,130.75891666666666,130.75891666666666,18.035712643678163
Green Chilli,Retail,Dambulla,2026-01-08,63.49516666666648,63.49516666666648,7.215359848484828
Green Chilli,Retail,Dambulla,2026-01-09,232.00675000000035,232.00675000000035,35.420877862595475
Green Chilli,Retail,Dambulla,2026-01-10,86.56225000000006,86.56225000000006,12.42514389883303
Green Chilli,Retail,Dambulla,2026-01-11,7.751249999999914,7.751249999999914,1.0498354394376381
Green Chilli,Retail,Dambulla,2026-01-12,68.74974999999972,68.74974999999972,8.814070512820477
Green Chilli,Retail,Dambulla,2026-01-13,152.52483333333328,152.52483333333328,25.210716253443515
Green Chilli,Retail,Dambulla,2026-01-14,97.87625000000025,97.87625000000025,16.177892561983516
Green Chilli,Retail,Dambulla,2026-01-15,33.81675000000007,33.81675000000007,5.367738095238106
Green Chilli,Retail,Dambulla,2026-01-16,0.9560833333334813,0.9560833333334813,0.14596692111961546
Green Chilli,Retail,Dambulla,2026-01-17,37.230916666666644,37.230916666666644,5.988855287639206
Green Chilli,Retail,Dambulla,2026-01-18,49.007416666666245,49.007416666666245,8.329919716258944
Green Chilli,Retail,Dambulla,2026-01-19,60.25466666666637,60.25466666666637,10.856696696696643
Green Chilli,Retail,Dambulla,2026-01-20,148.65058333333354,148.65058333333354,36.70384773662557
Green Chilli,Retail,Dambulla,2026-01-21,25.48961666666662,25.48961666666662,5.927817829457354
Green Chilli,Retail,Dambulla,2026-01-22,60.30899999999997,60.30899999999997,12.307959183673463
Green Chilli,Retail,Dambulla,2026-01-23,102.55763333333351,102.55763333333351,17.99256725146202
Green Chilli,Retail,Pettah,2026-01-01,40.645333333333156,40.645333333333156,3.6950303030302867
Green Chilli,Retail,Pettah,2026-01-02,63.55608333333339,63.55608333333339,5.777825757575763
Green Chilli,Retail,Pettah,2026-01-03,153.39800000000037,153.39800000000037,15.339800000000036
Green Chilli,Retail,Pettah,2026-01-04,185.1886666666669,185.1886666666669,20.576518518518544
Green Chilli,Retail,Pettah,2026-01-05,197.17124999999965,197.17124999999965,24.646406249999956
Green Chilli,Retail,Pettah,2026-01-06,133.35933333333332,133.35933333333332,16.669916666666666
Green Chilli,Retail,Pettah,2026-01-07,225.91533333333314,225.91533333333314,20.53775757575756
Green Chilli,Retail,Pettah,2026-01-08,259.75233333333426,259.75233333333426,32.46904166666678
Green Chilli,Retail,Pettah,2026-01-09,113.16166666666686,113.16166666666686,14.14520833333336
Green Chilli,Retail,Pettah,2026-01-10,49.54641666666646,49.54641666666646,6.1933020833333075
Green Chilli,Retail,Pettah,2026-01-11,22.845666666667057,22.845666666667057,2.855708333333382
Green Chilli,Retail,Pettah,2026-01-12,9.409666666665998,9.409666666665998,1.1762083333332498
Green Chilli,Retail,Pettah,2026-01-13,38.66483333333383,38.66483333333383,5.155311111111178
Green Chilli,Retail,Pettah,2026-01-14,21.543416666666644,21.543416666666644,2.872455555555552
Green Chilli,Retail,Pettah,2026-01-15,35.73175000000026,35.73175000000026,5.104535714285752
Green Chilli,Retail,Pettah,2026-01-16,69.2641666666666,69.2641666666666,10.65602564102563
Green Chilli,Retail,Pettah,2026-01-17,31.075583333333157,31.075583333333157,4.661314193429007
Green Chilli,Retail,Pettah,2026-01-18,5.057666666666705,5.057666666666705,0.7401499519509908
Green Chilli,Retail,Pettah,2026-01-19,14.940333333333001,14.940333333333001,2.134333333333286
Green Chilli,Retail,Pettah,2026-01-20,185.85191666666697,185.85191666666697,37.1703833333334
Green Chilli,Retail,Pettah,2026-01-21,168.39291666666668,168.39291666666668,42.09822916666667
Green Chilli,Retail,Pettah,2026-01-22,26.96524999999997,26.96524999999997,5.992277777777771
Green Chilli,Retail,Pettah,2026-01-23,140.87708333333342,140.87708333333342,23.479513888888903
Green Chilli,Wholesale,Dambulla,2026-01-01,73.28324999999995,73.28324999999995,7.328324999999995
Green Chilli,Wholesale,Dambulla,2026-01-02,74.17216666666695,74.17216666666695,6.449753623188431
Green Chilli,Wholesale,Dambulla,2026-01-03,133.4342500000006,133.4342500000006,13.569630744511057
Green Chilli,Wholesale,Dambulla,2026-01-04,218.1515833333334,218.1515833333334,26.712329745592882
Green Chilli,Wholesale,Dambulla,2026-01-05,250.56266666666681,250.56266666666681,38.548102564102585
Green Chilli,Wholesale,Dambulla,2026-01-06,35.82983333333334,35.82983333333334,4.777311111111112
Green Chilli,Wholesale,Dambulla,2026-01-07,122.74908333333349,122.74908333333349,17.66173860911273
Green Chilli,Wholesale,Dambulla,2026-01-08,47.82641666666677,47.82641666666677,5.626637254901974
Green Chilli,Wholesale,Dambulla,2026-01-09,248.76191666666693,248.76191666666693,39.80190666666671
Green Chilli,Wholesale,Dambulla,2026-01-10,82.4361666666664,82.4361666666664,12.365363173184093
Green Chilli,Wholesale,Dambulla,2026-01-11,3.669749999999908,3.669749999999908,0.5180847909872387
Green Chilli,Wholesale,Dambulla,2026-01-12,58.02983333333327,58.02983333333327,7.7373111111111035
Green Chilli,Wholesale,Dambulla,2026-01-13,135.08808333333332,135.08808333333332,23.493579710144925
Green Chilli,Wholesale,Dambulla,2026-01-14,89.81016666666665,89.81016666666665,15.619159420289852
Green Chilli,Wholesale,Dambulla,2026-01-15,32.02966666666691,32.02966666666691,5.338277777777819
Green Chilli,Wholesale,Dambulla,2026-01-16,13.999833333333413,13.999833333333413,2.239973333333346
Green Chilli,Wholesale,Dambulla,2026-01-17,38.95058333333316,38.95058333333316,6.583160094872675
Green Chilli,Wholesale,Dambulla,2026-01-18,51.477299999999786,51.477299999999786,9.219869969372912
Green Chilli,Wholesale,Dambulla,2026-01-19,38.17663333333326,38.17663333333326,7.2717396825396685
Green Chilli,Wholesale,Dambulla,2026-01-20,136.14341666666655,136.14341666666655,36.30491111111108
Green Chilli,Wholesale,Dambulla,2026-01-21,29.46716666666657,29.46716666666657,7.366791666666643
Green Chilli,Wholesale,Dambulla,2026-01-22,56.85584999999992,56.85584999999992,12.35996739130433
Green Chilli,Wholesale,Dambulla,2026-01-23,93.08673333333337,93.08673333333337,17.23828395061729
Green Chilli,Wholesale,Pettah,2026-01-01,12.838333333333253,12.838333333333253,1.2838333333333254
Green Chilli,Wholesale,Pettah,2026-01-02,48.503999999999905,48.503999999999905,4.850399999999991
Green Chilli,Wholesale,Pettah,2026-01-03,150.43908333333275,150.43908333333275,16.715453703703638
Green Chilli,Wholesale,Pettah,2026-01-04,186.85649999999964,186.85649999999964,23.357062499999955
Green Chilli,Wholesale,Pettah,2026-01-05,181.83966666666686,181.83966666666686,25.977095238095266
Green Chilli,Wholesale,Pettah,2026-01-06,115.10833333333369,115.10833333333369,16.44404761904767
Green Chilli,Wholesale,Pettah,2026-01-07,199.4342499999998,199.4342499999998,19.94342499999998
Green Chilli,Wholesale,Pettah,2026-01-08,232.73783333333392,232.73783333333392,33.24826190476199
Green Chilli,Wholesale,Pettah,2026-01-09,103.13450000000034,103.13450000000034,14.733500000000049
Green Chilli,Wholesale,Pettah,2026-01-10,45.58933333333323,45.58933333333323,6.51276190476189
Green Chilli,Wholesale,Pettah,2026-01-11,27.39941666666698,27.39941666666698,3.914202380952426
Green Chilli,Wholesale,Pettah,2026-01-12,17.73775000000012,17.73775000000012,2.5339642857143025
Green Chilli,Wholesale,Pettah,2026-01-13,60.726250000000164,60.726250000000164,9.342500000000026
Green Chilli,Wholesale,Pettah,2026-01-14,68.66758333333348,68.66758333333348,10.564243589743613
Green Chilli,Wholesale,Pettah,2026-01-15,56.139416666667216,56.139416666667216,8.982306666666755
Green Chilli,Wholesale,Pettah,2026-01-16,33.346000000000004,33.346000000000004,5.557666666666667
Green Chilli,Wholesale,Pettah,2026-01-17,17.06600000000003,17.06600000000003,2.8443333333333385
Green Chilli,Wholesale,Pettah,2026-01-18,8.777249999999981,8.777249999999981,1.4628749999999968
Green Chilli,Wholesale,Pettah,2026-01-19,12.472416666666504,12.472416666666504,2.078736111111084
Green Chilli,Wholesale,Pettah,2026-01-20,215.0075833333335,215.0075833333335,53.75189583333337
Green Chilli,Wholesale,Pettah,2026-01-21,133.1019999999998,133.1019999999998,38.0291428571428
Green Chilli,Wholesale,Pettah,2026-01-22,4.39051666666677,4.39051666666677,1.0976291666666924
Green Chilli,Wholesale,Pettah,2026-01-23,92.4910333333334,92.4910333333334,18.49820666666668
Lime,Retail,Dambulla,2026-01-01,15.234933333333458,15.234933333333458,7.431674796748028
Lime,Retail,Dambulla,2026-01-02,37.80030000000016,37.80030000000016,22.23547058823539
Lime,Retail,Dambulla,2026-01-03,9.272016666666786,9.272016666666786,5.298295238095307
Lime,Retail,Dambulla,2026-01-04,3.0317999999998904,3.0317999999998904,1.6843333333332724
Lime,Retail,Dambulla,2026-01-05,3.3830333333332305,3.3830333333332305,1.8286666666666112
Lime,Retail,Dambulla,2026-01-06,16.692000000000036,16.692000000000036,9.818823529411786
Lime,Retail,Dambulla,2026-01-07,13.489883333333069,13.489883333333069,7.291828828828685
Lime,Retail,Dambulla,2026-01-08,0.1270833333332746,0.1270833333332746,0.06869369369366193
Lime,Retail,Dambulla,2026-01-09,7.44358333333318,7.44358333333318,3.8172222222221435
Lime,Retail,Dambulla,2026-01-10,6.296900000000221,6.296900000000221,3.3732790485885364
Lime,Retail,Dambulla,2026-01-11,11.521566666666615,11.521566666666615,6.460812351632711
Lime,Retail,Dambulla,2026-01-12,10.976000000000113,10.976000000000113,6.45647058823536
Lime,Retail,Dambulla,2026-01-13,5.465650000000068,5.465650000000068,3.2150882352941577
Lime,Retail,Dambulla,2026-01-14,19.034150000000068,19.034150000000068,12.280096774193593
Lime,Retail,Dambulla,2026-01-15,14.610950000000088,14.610950000000088,9.905728813559382
Lime,Retail,Dambulla,2026-01-16,12.864183333333358,12.864183333333358,9.1887023809524
Lime,Retail,Dambulla,2026-01-17,10.907883333333444,10.907883333333444,8.18111702792578
Lime,Retail,Dambulla,2026-01-18,6.810950000000062,6.810950000000062,5.3769242914660635
Lime,Retail,Dambulla,2026-01-19,8.189400000000006,8.189400000000006,6.824500000000006
Lime,Retail,Dambulla,2026-01-20,5.896150000000048,5.896150000000048,4.913458333333374
Lime,Retail,Dambulla,2026-01-21,3.4377833333333854,3.4377833333333854,2.8648194444444877
Lime,Retail,Dambulla,2026-01-22,11.830633333333424,11.830633333333424,10.469587020649048
Lime,Retail,Dambulla,2026-01-23,27.060033333333323,27.060033333333323,18.66209195402298
Lime,Retail,Pettah,2026-01-01,2.1527499999999122,2.1527499999999122,0.8610999999999649
Lime,Retail,Pettah,2026-01-02,1.3711999999999023,1.3711999999999023,0.548479999999961
Lime,Retail,Pettah,2026-01-03,0.2780833333331998,0.2780833333331998,0.11123333333327992
Lime,Retail,Pettah,2026-01-04,2.528033333333127,2.528033333333127,1.0112133333332507
Lime,Retail,Pettah,2026-01-05,2.4461999999998056,2.4461999999998056,0.9784799999999223
Lime,Retail,Pettah,2026-01-06,0.00804999999988354,0.00804999999988354,0.0032199999999534155
Lime,Retail,Pettah,2026-01-07,1.8185166666666532,1.8185166666666532,0.7274066666666612
Lime,Retail,Pettah,2026-01-08,1.9632333333333634,1.9632333333333634,0.7852933333333454
Lime,Retail,Pettah,2026-01-09,3.349550000000022,3.349550000000022,1.3398200000000087
Lime,Retail,Pettah,2026-01-10,2.3717499999999347,2.3717499999999347,0.9486999999999739
Lime,Retail,Pettah,2026-01-11,0.08078333333338605,0.08078333333338605,0.03231333333335442
Lime,Retail,Pettah,2026-01-12,7.456283333333431,7.456283333333431,2.9825133333333724
Lime,Retail,Pettah,2026-01-13,8.565016666666736,8.565016666666736,3.4260066666666944
Lime,Retail,Pettah,2026-01-14,10.859766666666758,10.859766666666758,4.343906666666704
Lime,Retail,Pettah,2026-01-15,38.67278333333337,38.67278333333337,17.187903703703718
Lime,Retail,Pettah,2026-01-16,39.44381666666675,39.44381666666675,19.721908333333374
Lime,Retail,Pettah,2026-01-17,12.164416666666625,12.164416666666625,6.082208333333313
Lime,Retail,Pettah,2026-01-18,6.452266666666645,6.452266666666645,3.2261333333333226
Lime,Retail,Pettah,2026-01-19,9.712433333333308,9.712433333333308,4.856216666666654
Lime,Retail,Pettah,2026-01-20,32.384999999999934,32.384999999999934,17.99166666666663
Lime,Retail,Pettah,2026-01-21,9.930650000000071,9.930650000000071,5.517027777777817
Lime,Retail,Pettah,2026-01-22,31.06940000000006,31.06940000000006,20.71293333333337
Lime,Retail,Pettah,2026-01-23,13.627150000000114,13.627150000000114,9.084766666666741
Lime,Wholesale,Dambulla,2026-01-01,12.599633333333486,12.599633333333486,7.199790476190564
Lime,Wholesale,Dambulla,2026-01-02,37.49396666666672,37.49396666666672,26.781404761904803
Lime,Wholesale,Dambulla,2026-01-03,12.829183333333447,12.829183333333447,8.84771264367824
Lime,Wholesale,Dambulla,2026-01-04,2.3991333333334524,2.3991333333334524,1.5994222222223016
Lime,Wholesale,Dambulla,2026-01-05,1.482383333333246,1.482383333333246,0.9563763440859651
Lime,Wholesale,Dambulla,2026-01-06,17.146683333333357,17.146683333333357,12.24763095238097
Lime,Wholesale,Dambulla,2026-01-07,8.584783333333291,8.584783333333291,5.538569892473092
Lime,Wholesale,Dambulla,2026-01-08,5.049183333333332,5.049183333333332,3.155739583333332
Lime,Wholesale,Dambulla,2026-01-09,3.2401999999997884,3.2401999999997884,1.9637575757574477
Lime,Wholesale,Dambulla,2026-01-10,6.866833333333403,6.866833333333403,4.382991851237253
Lime,Wholesale,Dambulla,2026-01-11,14.205966666666654,14.205966666666654,9.577271399357281
Lime,Wholesale,Dambulla,2026-01-12,11.79201666666674,11.79201666666674,8.4228690476191
Lime,Wholesale,Dambulla,2026-01-13,4.985933333333378,4.985933333333378,3.5613809523809845
Lime,Wholesale,Dambulla,2026-01-14,18.45640000000006,18.45640000000006,14.765120000000048
Lime,Wholesale,Dambulla,2026-01-15,16.016899999999993,16.016899999999993,13.631404255319143
Lime,Wholesale,Dambulla,2026-01-16,13.803016666666764,13.803016666666764,12.54819696969706
Lime,Wholesale,Dambulla,2026-01-17,12.299550000000096,12.299550000000096,11.903174295945124
Lime,Wholesale,Dambulla,2026-01-18,12.340716666666651,12.340716666666651,12.765818420054465
Lime,Wholesale,Dambulla,2026-01-19,13.207170666666627,13.207170666666627,14.67463407407403
Lime,Wholesale,Dambulla,2026-01-20,4.381649999999965,4.381649999999965,4.868499999999961
Lime,Wholesale,Dambulla,2026-01-21,5.05243333333334,5.05243333333334,5.613814814814822
Lime,Wholesale,Dambulla,2026-01-22,13.47175,13.47175,16.8396875
Lime,Wholesale,Dambulla,2026-01-23,27.44063333333328,27.44063333333328,23.861420289855026
Lime,Wholesale,Pettah,2026-01-01,1.5157666666666216,1.5157666666666216,0.7578833333333108
Lime,Wholesale,Pettah,2026-01-02,2.732883333333291,2.732883333333291,1.3664416666666455
Lime,Wholesale,Pettah,2026-01-03,2.696683333333283,2.696683333333283,1.3483416666666415
Lime,Wholesale,Pettah,2026-01-04,2.1312333333333413,2.1312333333333413,1.0656166666666707
Lime,Wholesale,Pettah,2026-01-05,1.2411499999999762,1.2411499999999762,0.6205749999999881
Lime,Wholesale,Pettah,2026-01-06,0.9676166666666575,0.9676166666666575,0.48380833333332873
Lime,Wholesale,Pettah,2026-01-07,0.318666666666644,0.318666666666644,0.159333333333322
Lime,Wholesale,Pettah,2026-01-08,0.9076166666666836,0.9076166666666836,0.4538083333333418
Lime,Wholesale,Pettah,2026-01-09,0.9609000000000663,0.9609000000000663,0.48045000000003313
Lime,Wholesale,Pettah,2026-01-10,0.9526000000000749,0.9526000000000749,0.47630000000003747
Lime,Wholesale,Pettah,2026-01-11,1.2951999999999941,1.2951999999999941,0.6475999999999971
Lime,Wholesale,Pettah,2026-01-12,0.9995833333332769,0.9995833333332769,0.49979166666663843
Lime,Wholesale,Pettah,2026-01-13,26.223300000000023,26.223300000000023,14.568500000000013
Lime,Wholesale,Pettah,2026-01-14,7.462916666666672,7.462916666666672,4.146064814814817
Lime,Wholesale,Pettah,2026-01-15,18.387100000000032,18.387100000000032,11.14369696969699
Lime,Wholesale,Pettah,2026-01-16,19.259600000000034,19.259600000000034,12.839733333333356
Lime,Wholesale,Pettah,2026-01-17,5.89936666666668,5.89936666666668,3.9329111111111197
Lime,Wholesale,Pettah,2026-01-18,4.3559999999999945,4.3559999999999945,2.9039999999999964
Lime,Wholesale,Pettah,2026-01-19,4.5224333333333675,4.5224333333333675,3.0149555555555785
Lime,Wholesale,Pettah,2026-01-20,34.43498333333335,34.43498333333335,28.69581944444446
Lime,Wholesale,Pettah,2026-01-21,10.77875000000003,10.77875000000003,8.982291666666692
Lime,Wholesale,Pettah,2026-01-22,24.515616666666673,24.515616666666673,24.515616666666673
Lime,Wholesale,Pettah,2026-01-23,14.230783333333264,14.230783333333264,14.230783333333264
Potato (Imp),Retail,Dambulla,2026-01-01,12.778766666666883,12.778766666666883,8.087827004219546
Potato (Imp),Retail,Dambulla,2026-01-02,12.528466666666816,12.528466666666816,8.35231111111121
Potato (Imp),Retail,Dambulla,2026-01-03,3.8441499999999564,3.8441499999999564,2.4380985602841103
Potato (Imp),Retail,Dambulla,2026-01-04,3.9431999999998197,3.9431999999998197,2.385048085646779
Potato (Imp),Retail,Dambulla,2026-01-05,4.760516666666632,4.760516666666632,2.751743737957591
Potato (Imp),Retail,Dambulla,2026-01-06,10.214933333333448,10.214933333333448,6.190868686868757
Potato (Imp),Retail,Dambulla,2026-01-07,5.571666666666715,5.571666666666715,3.4822916666666965
Potato (Imp),Retail,Dambulla,2026-01-08,33.41599999999997,33.41599999999997,17.13641025641024
Potato (Imp),Retail,Dambulla,2026-01-09,4.09110000000004,4.09110000000004,2.1532105263158106
Potato (Imp),Retail,Dambulla,2026-01-10,4.92298333333332,4.92298333333332,2.6372654059748863
Potato (Imp),Retail,Dambulla,2026-01-11,4.743816666666731,4.743816666666731,2.587583410607501
Potato (Imp),Retail,Dambulla,2026-01-12,5.280283333333472,5.280283333333472,2.9334907407408175
Potato (Imp),Retail,Dambulla,2026-01-13,3.22861666666671,3.22861666666671,1.79367592592595
Potato (Imp),Retail,Dambulla,2026-01-14,4.065366666666733,4.065366666666733,2.1974954954955312
Potato (Imp),Retail,Dambulla,2026-01-15,20.094833333333384,20.094833333333384,12.366051282051313
Potato (Imp),Retail,Dambulla,2026-01-16,28.119250000000022,28.119250000000022,20.08517857142859
Potato (Imp),Retail,Dambulla,2026-01-17,9.935900000000117,9.935900000000117,7.013411449142456
Potato (Imp),Retail,Dambulla,2026-01-18,1.2540333333333251,1.2540333333333251,0.8749273238912475
Potato (Imp),Retail,Dambulla,2026-01-19,0.25103333333339606,0.25103333333339606,0.17312643678165246
Potato (Imp),Retail,Dambulla,2026-01-20,9.244783333333146,9.244783333333146,5.964376344085901
Potato (Imp),Retail,Dambulla,2026-01-21,11.18145000000004,11.18145000000004,7.711344827586235
Potato (Imp),Retail,Dambulla,2026-01-22,3.0641499999999553,3.0641499999999553,2.042766666666637
Potato (Imp),Retail,Dambulla,2026-01-23,7.231116666666821,7.231116666666821,4.98697701149436
Potato (Imp),Retail,Pettah,2026-01-01,5.93995000000001,5.93995000000001,2.969975000000005
Potato (Imp),Retail,Pettah,2026-01-02,6.290500000000009,6.290500000000009,3.1452500000000043
Potato (Imp),Retail,Pettah,2026-01-03,5.20171666666667,5.20171666666667,2.600858333333335
Potato (Imp),Retail,Pettah,2026-01-04,5.205916666666667,5.205916666666667,2.6029583333333335
Potato (Imp),Retail,Pettah,2026-01-05,5.066366666666653,5.066366666666653,2.5331833333333265
Potato (Imp),Retail,Pettah,2026-01-06,4.685266666666621,4.685266666666621,2.3426333333333105
Potato (Imp),Retail,Pettah,2026-01-07,4.606549999999999,4.606549999999999,2.3032749999999993
Potato (Imp),Retail,Pettah,2026-01-08,4.905883333333321,4.905883333333321,2.4529416666666606
Potato (Imp),Retail,Pettah,2026-01-09,4.2158166666666546,4.2158166666666546,2.1079083333333273
Potato (Imp),Retail,Pettah,2026-01-10,14.109033333333315,14.109033333333315,7.425807017543849
Potato (Imp),Retail,Pettah,2026-01-11,15.823900000000066,15.823900000000066,8.791055555555593
Potato (Imp),Retail,Pettah,2026-01-12,11.028300000000087,11.028300000000087,6.487235294117697
Potato (Imp),Retail,Pettah,2026-01-13,15.203799999999887,15.203799999999887,8.00199999999994
Potato (Imp),Retail,Pettah,2026-01-14,0.6651500000000397,0.6651500000000397,0.3500789473684419
Potato (Imp),Retail,Pettah,2026-01-15,7.450233333333472,7.450233333333472,4.027153153153228
Potato (Imp),Retail,Pettah,2026-01-16,6.610483333333576,6.610483333333576,3.6724907407408756
Potato (Imp),Retail,Pettah,2026-01-17,2.9284666666667647,2.9284666666667647,1.6269259259259803
Potato (Imp),Retail,Pettah,2026-01-18,2.145033333333373,2.145033333333373,1.1916851851852073
Potato (Imp),Retail,Pettah,2026-01-19,2.8348500000001593,2.8348500000001593,1.5749166666667553
Potato (Imp),Retail,Pettah,2026-01-20,2.54831666666675,2.54831666666675,1.4157314814815278
Potato (Imp),Retail,Pettah,2026-01-21,2.8702000000000396,2.8702000000000396,1.5945555555555775
Potato (Imp),Retail,Pettah,2026-01-22,2.285533333333376,2.285533333333376,1.2697407407407646
Potato (Imp),Retail,Pettah,2026-01-23,1.8230666666667048,1.8230666666667048,1.012814814814836
Potato (Imp),Wholesale,Dambulla,2026-01-01,13.824600000000117,13.824600000000117,10.017826086956607
Potato (Imp),Wholesale,Dambulla,2026-01-02,15.611233333333473,15.611233333333473,12.008641025641133
Potato (Imp),Wholesale,Dambulla,2026-01-03,3.9279666666665776,3.9279666666665776,2.8531754679062815
Potato (Imp),Wholesale,Dambulla,2026-01-04,3.5694499999999323,3.5694499999999323,2.4560999105483603
Potato (Imp),Wholesale,Dambulla,2026-01-05,5.121783333333269,5.121783333333269,3.347570806100176
Potato (Imp),Wholesale,Dambulla,2026-01-06,8.821133333333421,8.821133333333421,6.083540229885117
Potato (Imp),Wholesale,Dambulla,2026-01-07,5.0147166666668,5.0147166666668,3.5819404761905713
Potato (Imp),Wholesale,Dambulla,2026-01-08,32.86535000000001,32.86535000000001,18.7802
Potato (Imp),Wholesale,Dambulla,2026-01-09,6.13346666666655,6.13346666666655,3.6079215686273822
Potato (Imp),Wholesale,Dambulla,2026-01-10,5.554066666666699,5.554066666666699,3.332373352532969
Potato (Imp),Wholesale,Dambulla,2026-01-11,3.181333333333356,3.181333333333356,1.9477948529561966
Potato (Imp),Wholesale,Dambulla,2026-01-12,3.5228500000000906,3.5228500000000906,2.2017812500000566
Potato (Imp),Wholesale,Dambulla,2026-01-13,3.589633333333353,3.589633333333353,2.2435208333333456
Potato (Imp),Wholesale,Dambulla,2026-01-14,1.2960166666666169,1.2960166666666169,0.7854646464646163
Potato (Imp),Wholesale,Dambulla,2026-01-15,22.37395000000018,22.37395000000018,15.701017543859773
Potato (Imp),Wholesale,Dambulla,2026-01-16,30.50768333333346,30.50768333333346,25.42306944444455
Potato (Imp),Wholesale,Dambulla,2026-01-17,9.639233333333422,9.639233333333422,7.922440481082783
Potato (Imp),Wholesale,Dambulla,2026-01-18,0.2781833333333168,0.2781833333333168,0.22556015027431833
Potato (Imp),Wholesale,Dambulla,2026-01-19,0.6614500000000305,0.6614500000000305,0.5291600000000244
Potato (Imp),Wholesale,Dambulla,2026-01-20,3.782900000000069,3.782900000000069,3.026320000000055
Potato (Imp),Wholesale,Dambulla,2026-01-21,4.232450000000085,4.232450000000085,3.3859600000000682
Potato (Imp),Wholesale,Dambulla,2026-01-22,1.8675333333333413,1.8675333333333413,1.4365641025641087
Potato (Imp),Wholesale,Dambulla,2026-01-23,9.094233333333335,9.094233333333335,7.275386666666668
Potato (Imp),Wholesale,Pettah,2026-01-01,3.6598166666666714,3.6598166666666714,2.204708835341368
Potato (Imp),Wholesale,Pettah,2026-01-02,2.3798500000000615,2.3798500000000615,1.43364457831329
Potato (Imp),Wholesale,Pettah,2026-01-03,1.1197666666667487,1.1197666666667487,0.671846563068788
Potato (Imp),Wholesale,Pettah,2026-01-04,0.47778333333357637,0.47778333333357637,0.2855335763662083
Potato (Imp),Wholesale,Pettah,2026-01-05,0.6668000000001939,0.6668000000001939,0.3969047619048773
Potato (Imp),Wholesale,Pettah,2026-01-06,0.7875833333334015,0.7875833333334015,0.4632843137255303
Potato (Imp),Wholesale,Pettah,2026-01-07,22.677550000000025,22.677550000000025,15.118366666666683
Potato (Imp),Wholesale,Pettah,2026-01-08,9.364916666666744,9.364916666666744,6.285178970917278
Potato (Imp),Wholesale,Pettah,2026-01-09,23.506816666666595,23.506816666666595,13.206076779026176
Potato (Imp),Wholesale,Pettah,2026-01-10,1.5057999999999652,1.5057999999999652,0.8588376204870616
Potato (Imp),Wholesale,Pettah,2026-01-11,6.40636666666677,6.40636666666677,3.7101793401672385
Potato (Imp),Wholesale,Pettah,2026-01-12,3.2836500000000797,3.2836500000000797,1.9315588235294587
Potato (Imp),Wholesale,Pettah,2026-01-13,17.45196666666652,17.45196666666652,9.185245614035011
Potato (Imp),Wholesale,Pettah,2026-01-14,1.7339166666665449,1.7339166666665449,0.9125877192981815
Potato (Imp),Wholesale,Pettah,2026-01-15,6.900499999999965,6.900499999999965,3.7914835164834972
Potato (Imp),Wholesale,Pettah,2026-01-16,8.194966666666687,8.194966666666687,4.709750957854418
Potato (Imp),Wholesale,Pettah,2026-01-17,4.129566666666676,4.129566666666676,2.3915947568579816
Potato (Imp),Wholesale,Pettah,2026-01-18,1.2012666666669247,1.2012666666669247,0.7011420455652393
Potato (Imp),Wholesale,Pettah,2026-01-19,3.4618500000000267,3.4618500000000267,2.0363823529411924
Potato (Imp),Wholesale,Pettah,2026-01-20,10.560433333333464,10.560433333333464,6.4787934560327995
Potato (Imp),Wholesale,Pettah,2026-01-21,1.0765666666666789,1.0765666666666789,0.6524646464646539
Potato (Imp),Wholesale,Pettah,2026-01-22,0.9557833333335282,0.9557833333335282,0.5792626262627444
Potato (Imp),Wholesale,Pettah,2026-01-23,22.810400000000186,22.810400000000186,15.951328671328802
Pumpkin,Retail,Dambulla,2026-01-01,10.703000000000031,10.703000000000031,7.381379310344849
Pumpkin,Retail,Dambulla,2026-01-02,10.452999999999975,10.452999999999975,6.743870967741919
Pumpkin,Retail,Dambulla,2026-01-03,3.830083333333448,3.830083333333448,2.525274169798542
Pumpkin,Retail,Dambulla,2026-01-04,7.005899999999997,7.005899999999997,4.723184790669451
Pumpkin,Retail,Dambulla,2026-01-05,4.835800000000091,4.835800000000091,3.3350344827586835
Pumpkin,Retail,Dambulla,2026-01-06,6.534516666666661,6.534516666666661,4.215817204301072
Pumpkin,Retail,Dambulla,2026-01-07,1.8411166666665792,1.8411166666665792,1.187817204301019
Pumpkin,Retail,Dambulla,2026-01-08,11.001516666666731,11.001516666666731,7.587252873563263
Pumpkin,Retail,Dambulla,2026-01-09,11.090950000000078,11.090950000000078,8.215518518518577
Pumpkin,Retail,Dambulla,2026-01-10,4.848550000000017,4.848550000000017,3.5915185185185314
Pumpkin,Retail,Dambulla,2026-01-11,2.7935666666667203,2.7935666666667203,2.0693086419753484
Pumpkin,Retail,Dambulla,2026-01-12,2.6827833333333615,2.6827833333333615,1.9872469135802677
Pumpkin,Retail,Dambulla,2026-01-13,2.53376666666648,2.53376666666648,1.8098333333332002
Pumpkin,Retail,Dambulla,2026-01-14,16.70051666666683,16.70051666666683,13.360413333333462
Pumpkin,Retail,Dambulla,2026-01-15,17.983233333333345,17.983233333333345,15.63759420289856
Pumpkin,Retail,Dambulla,2026-01-16,20.413100000000043,20.413100000000043,19.441047619047662
Pumpkin,Retail,Dambulla,2026-01-17,5.039716666666749,5.039716666666749,4.652189298132326
Pumpkin,Retail,Dambulla,2026-01-18,2.221583333333456,2.221583333333456,1.9894182263217122
Pumpkin,Retail,Dambulla,2026-01-19,3.508508333333296,3.508508333333296,3.0508768115941707
Pumpkin,Retail,Dambulla,2026-01-20,3.6976250000000306,3.6976250000000306,3.1335805084746022
Pumpkin,Retail,Dambulla,2026-01-21,9.948883333333342,9.948883333333342,9.044439393939403
Pumpkin,Retail,Dambulla,2026-01-22,25.134783333333303,25.134783333333303,28.562253787878756
Pumpkin,Retail,Dambulla,2026-01-23,6.094816666666645,6.094816666666645,5.540742424242405
Pumpkin,Retail,Pettah,2026-01-01,3.641716666666639,3.641716666666639,1.8208583333333195
Pumpkin,Retail,Pettah,2026-01-02,3.6698499999999967,3.6698499999999967,1.8349249999999984
Pumpkin,Retail,Pettah,2026-01-03,1.4746333333333723,1.4746333333333723,0.7373166666666862
Pumpkin,Retail,Pettah,2026-01-04,1.590983333333412,1.590983333333412,0.7954916666667059
Pumpkin,Retail,Pettah,2026-01-05,1.7752166666667222,1.7752166666667222,0.8876083333333611
Pumpkin,Retail,Pettah,2026-01-06,1.9927166666667233,1.9927166666667233,0.9963583333333615
Pumpkin,Retail,Pettah,2026-01-07,2.22686666666678,2.22686666666678,1.11343333333339
Pumpkin,Retail,Pettah,2026-01-08,2.2426333333334867,2.2426333333334867,1.1213166666667433
Pumpkin,Retail,Pettah,2026-01-09,3.4914166666668223,3.4914166666668223,1.7457083333334111
Pumpkin,Retail,Pettah,2026-01-10,1.4722500000000878,1.4722500000000878,0.7361250000000439
Pumpkin,Retail,Pettah,2026-01-11,1.0610500000001082,1.0610500000001082,0.5305250000000541
Pumpkin,Retail,Pettah,2026-01-12,1.1662000000000603,1.1662000000000603,0.5831000000000301
Pumpkin,Retail,Pettah,2026-01-13,1.2453666666667402,1.2453666666667402,0.6226833333333701
Pumpkin,Retail,Pettah,2026-01-14,0.5490166666667733,0.5490166666667733,0.27450833333338664
Pumpkin,Retail,Pettah,2026-01-15,0.42951666666678534,0.42951666666678534,0.21475833333339267
Pumpkin,Retail,Pettah,2026-01-16,1.463633333333405,1.463633333333405,0.7318166666667025
Pumpkin,Retail,Pettah,2026-01-17,18.0311333333334,18.0311333333334,9.835342460772049
Pumpkin,Retail,Pettah,2026-01-18,18.220816666666735,18.220816666666735,10.93227135457295
Pumpkin,Retail,Pettah,2026-01-19,16.241200000000134,16.241200000000134,10.827466666666757
Pumpkin,Retail,Pettah,2026-01-20,9.020416666666677,9.020416666666677,6.013611111111118
Pumpkin,Retail,Pettah,2026-01-21,5.95893333333342,5.95893333333342,3.9726222222222796
Pumpkin,Retail,Pettah,2026-01-22,3.927150000000154,3.927150000000154,2.6181000000001027
Pumpkin,Retail,Pettah,2026-01-23,3.315883333333403,3.315883333333403,2.2105888888889353
Pumpkin,Wholesale,Dambulla,2026-01-01,9.962166666666647,9.962166666666647,8.662753623188388
Pumpkin,Wholesale,Dambulla,2026-01-02,10.911233333333271,10.911233333333271,8.728986666666618
Pumpkin,Wholesale,Dambulla,2026-01-03,0.7512833333333049,0.7512833333333049,0.6174762335278252
Pumpkin,Wholesale,Dambulla,2026-01-04,4.643575000000027,4.643575000000027,3.924258429814947
Pumpkin,Wholesale,Dambulla,2026-01-05,6.020350000000022,6.020350000000022,5.235086956521759
Pumpkin,Wholesale,Dambulla,2026-01-06,4.586316666666647,4.586316666666647,3.6690533333333177
Pumpkin,Wholesale,Dambulla,2026-01-07,0.48780000000002133,0.48780000000002133,0.3902400000000171
Pumpkin,Wholesale,Dambulla,2026-01-08,13.783750000000026,13.783750000000026,11.985869565217413
Pumpkin,Wholesale,Dambulla,2026-01-09,16.487100000000083,16.487100000000083,15.70200000000008
Pumpkin,Wholesale,Dambulla,2026-01-10,8.286966666666643,8.286966666666643,7.892349206349183
Pumpkin,Wholesale,Dambulla,2026-01-11,3.515883333333335,3.515883333333335,3.3484603174603187
Pumpkin,Wholesale,Dambulla,2026-01-12,3.859899999999996,3.859899999999996,3.6760952380952348
Pumpkin,Wholesale,Dambulla,2026-01-13,0.1705166666666571,0.1705166666666571,0.15501515151514283
Pumpkin,Wholesale,Dambulla,2026-01-14,20.093133333333384,20.093133333333384,21.15066666666672
Pumpkin,Wholesale,Dambulla,2026-01-15,24.724133333333356,24.724133333333356,29.087215686274536
Pumpkin,Wholesale,Dambulla,2026-01-16,22.844583333333333,22.844583333333333,30.459444444444443
Pumpkin,Wholesale,Dambulla,2026-01-17,9.995850000000004,9.995850000000004,12.761202604366147
Pumpkin,Wholesale,Dambulla,2026-01-18,3.56791666666669,3.56791666666669,4.368699236765875
Pumpkin,Wholesale,Dambulla,2026-01-19,0.9789499999999975,0.9789499999999975,1.1517058823529385
Pumpkin,Wholesale,Dambulla,2026-01-20,0.2494999999999976,0.2494999999999976,0.2835227272727246
Pumpkin,Wholesale,Dambulla,2026-01-21,9.856350000000035,9.856350000000035,12.320437500000043
Pumpkin,Wholesale,Dambulla,2026-01-22,25.7517,25.7517,44.39948275862069
Pumpkin,Wholesale,Dambulla,2026-01-23,7.027650000000051,7.027650000000051,8.784562500000064
Pumpkin,Wholesale,Pettah,2026-01-01,13.403033333333326,13.403033333333326,11.169194444444438
Pumpkin,Wholesale,Pettah,2026-01-02,2.4937166666666286,2.4937166666666286,1.9182435897435606
Pumpkin,Wholesale,Pettah,2026-01-03,1.5112166666666553,1.5112166666666553,1.1624743589743503
Pumpkin,Wholesale,Pettah,2026-01-04,2.4565833333334126,2.4565833333334126,1.8896794871795481
Pumpkin,Wholesale,Pettah,2026-01-05,1.35686666666669,1.35686666666669,1.0437435897436076
Pumpkin,Wholesale,Pettah,2026-01-06,1.7369833333333418,1.7369833333333418,1.336141025641032
Pumpkin,Wholesale,Pettah,2026-01-07,11.738416666666694,11.738416666666694,9.782013888888912
Pumpkin,Wholesale,Pettah,2026-01-08,6.9676833333333406,6.9676833333333406,5.806402777777784
Pumpkin,Wholesale,Pettah,2026-01-09,2.691333333333347,2.691333333333347,2.0702564102564205
Pumpkin,Wholesale,Pettah,2026-01-10,2.330416666666707,2.330416666666707,1.7926282051282363
Pumpkin,Wholesale,Pettah,2026-01-11,3.5721666666667033,3.5721666666667033,2.747820512820541
Pumpkin,Wholesale,Pettah,2026-01-12,2.5687833333333288,2.5687833333333288,1.975987179487176
Pumpkin,Wholesale,Pettah,2026-01-13,2.8161499999999933,2.8161499999999933,2.1662692307692253
Pumpkin,Wholesale,Pettah,2026-01-14,3.4026333333333127,3.4026333333333127,2.6174102564102406
Pumpkin,Wholesale,Pettah,2026-01-15,3.542750000000069,3.542750000000069,2.7251923076923608
Pumpkin,Wholesale,Pettah,2026-01-16,2.5901333333333696,2.5901333333333696,1.9924102564102844
Pumpkin,Wholesale,Pettah,2026-01-17,11.751283333333333,11.751283333333333,9.792736111111111
Pumpkin,Wholesale,Pettah,2026-01-18,15.882683333333361,15.882683333333361,14.438803030303054
Pumpkin,Wholesale,Pettah,2026-01-19,14.161899999999989,14.161899999999989,14.161899999999989
Pumpkin,Wholesale,Pettah,2026-01-20,7.367900000000034,7.367900000000034,7.367900000000034
Pumpkin,Wholesale,Pettah,2026-01-21,4.244633333333354,4.244633333333354,4.244633333333354
Pumpkin,Wholesale,Pettah,2026-01-22,5.1600666666666655,5.1600666666666655,5.1600666666666655
Pumpkin,Wholesale,Pettah,2026-01-23,6.29140000000001,6.29140000000001,6.291400000000009
Snake gourd,Retail,Dambulla,2026-01-01,12.779600000000187,12.779600000000187,4.564142857142924
Snake gourd,Retail,Dambulla,2026-01-02,2.20703333333347,2.20703333333347,0.7882261904762393
Snake gourd,Retail,Dambulla,2026-01-03,13.985766666666677,13.985766666666677,5.1480718027999695
Snake gourd,Retail,Dambulla,2026-01-04,11.475350000000105,11.475350000000105,4.357783009911558
Snake gourd,Retail,Dambulla,2026-01-05,11.904466666666849,11.904466666666849,4.668418300653666
Snake gourd,Retail,Dambulla,2026-01-06,45.65510000000006,45.65510000000006,14.968885245901658
Snake gourd,Retail,Dambulla,2026-01-07,27.439283333333492,27.439283333333492,10.354446540880563
Snake gourd,Retail,Dambulla,2026-01-08,59.46300000000002,59.46300000000002,18.019090909090917
Snake gourd,Retail,Dambulla,2026-01-09,3.0000833333332935,3.0000833333332935,0.9836338797814077
Snake gourd,Retail,Dambulla,2026-01-10,3.2351500000002034,3.2351500000002034,1.0724135644910675
Snake gourd,Retail,Dambulla,2026-01-11,1.4528000000000247,1.4528000000000247,0.48697750812859075
Snake gourd,Retail,Dambulla,2026-01-12,1.7094833333334236,1.7094833333334236,0.5794858757062452
Snake gourd,Retail,Dambulla,2026-01-13,16.751566666666577,16.751566666666577,5.4923169398906815
Snake gourd,Retail,Dambulla,2026-01-14,68.67361666666676,68.67361666666676,30.521607407407448
Snake gourd,Retail,Dambulla,2026-01-15,7.729016666666666,7.729016666666666,2.9726987179487177
Snake gourd,Retail,Dambulla,2026-01-16,44.34011666666663,44.34011666666663,15.030548022598857
Snake gourd,Retail,Dambulla,2026-01-17,12.487399999999923,12.487399999999923,4.25711655814268
Snake gourd,Retail,Dambulla,2026-01-18,0.3068333333333726,0.3068333333333726,0.10519879772803943
Snake gourd,Retail,Dambulla,2026-01-19,0.9735166666665691,0.9735166666665691,0.3356954022988169
Snake gourd,Retail,Dambulla,2026-01-20,68.23183333333344,68.23183333333344,31.014469696969744
Snake gourd,Retail,Dambulla,2026-01-21,19.193983333333534,19.193983333333534,8.530659259259348
Snake gourd,Retail,Dambulla,2026-01-22,16.959566666666717,16.959566666666717,7.708893939393962
Snake gourd,Retail,Dambulla,2026-01-23,8.283300000000054,8.283300000000054,3.7651363636363877
Snake gourd,Retail,Pettah,2026-01-01,77.4464333333334,77.4464333333334,17.210318518518534
Snake gourd,Retail,Pettah,2026-01-02,13.369600000000162,13.369600000000162,2.971022222222258
Snake gourd,Retail,Pettah,2026-01-03,9.815833333333444,9.815833333333444,2.265209732382582
Snake gourd,Retail,Pettah,2026-01-04,3.014916666666579,3.014916666666579,0.7235742114062877
Snake gourd,Retail,Pettah,2026-01-05,4.412033333333625,4.412033333333625,1.1030083333334062
Snake gourd,Retail,Pettah,2026-01-06,52.091666666666526,52.091666666666526,14.883333333333294
Snake gourd,Retail,Pettah,2026-01-07,19.29118333333321,19.29118333333321,5.511766666666631
Snake gourd,Retail,Pettah,2026-01-08,6.314199999999744,6.314199999999744,1.8040571428570698
Snake gourd,Retail,Pettah,2026-01-09,3.5961000000000354,3.5961000000000354,1.027457142857153
Snake gourd,Retail,Pettah,2026-01-10,2.4196500000001606,2.4196500000001606,0.6913285714286174
Snake gourd,Retail,Pettah,2026-01-11,1.8889000000002625,1.8889000000002625,0.5396857142857893
Snake gourd,Retail,Pettah,2026-01-12,1.0677833333334092,1.0677833333334092,0.30508095238097405
Snake gourd,Retail,Pettah,2026-01-13,0.4598666666666418,0.4598666666666418,0.1313904761904691
Snake gourd,Retail,Pettah,2026-01-14,4.192333333333238,4.192333333333238,1.1978095238094966
Snake gourd,Retail,Pettah,2026-01-15,18.60200000000009,18.60200000000009,5.723692307692335
Snake gourd,Retail,Pettah,2026-01-16,29.039016666666782,29.039016666666782,9.67967222222226
Snake gourd,Retail,Pettah,2026-01-17,0.9846833333333507,0.9846833333333507,0.32822777777778356
Snake gourd,Retail,Pettah,2026-01-18,5.352783333333321,5.352783333333321,1.7842611111111069
Snake gourd,Retail,Pettah,2026-01-19,2.6480999999999426,2.6480999999999426,0.8826999999999809
Snake gourd,Retail,Pettah,2026-01-20,44.10351666666668,44.10351666666668,17.64140666666667
Snake gourd,Retail,Pettah,2026-01-21,12.692933333333372,12.692933333333372,5.077173333333349
Snake gourd,Retail,Pettah,2026-01-22,16.324433333333275,16.324433333333275,6.046086419753065
Snake gourd,Retail,Pettah,2026-01-23,18.268850000000043,18.268850000000043,7.307540000000018
Snake gourd,Wholesale,Dambulla,2026-01-01,1.732633333333382,1.732633333333382,0.6930533333333528
Snake gourd,Wholesale,Dambulla,2026-01-02,5.016016666666673,5.016016666666673,2.006406666666669
Snake gourd,Wholesale,Dambulla,2026-01-03,8.61261666666664,8.61261666666664,3.5153537414965874
Snake gourd,Wholesale,Dambulla,2026-01-04,12.8102333333334,12.8102333333334,5.33759722222225
Snake gourd,Wholesale,Dambulla,2026-01-05,1.8225166666667008,1.8225166666667008,0.7755390070922131
Snake gourd,Wholesale,Dambulla,2026-01-06,43.28144999999992,43.28144999999992,15.738709090909062
Snake gourd,Wholesale,Dambulla,2026-01-07,33.64201666666668,33.64201666666668,14.315751773049652
Snake gourd,Wholesale,Dambulla,2026-01-08,33.87771666666646,33.87771666666646,12.319169696969622
Snake gourd,Wholesale,Dambulla,2026-01-09,7.850783333333311,7.850783333333311,2.854830303030295
Snake gourd,Wholesale,Dambulla,2026-01-10,4.732400000000041,4.732400000000041,1.7419663562410426
Snake gourd,Wholesale,Dambulla,2026-01-11,4.196366666666734,4.196366666666734,1.5638827811525857
Snake gourd,Wholesale,Dambulla,2026-01-12,1.819083333333424,1.819083333333424,0.6864465408805374
Snake gourd,Wholesale,Dambulla,2026-01-13,16.048999999999978,16.048999999999978,5.835999999999992
Snake gourd,Wholesale,Dambulla,2026-01-14,72.69133333333338,72.69133333333338,37.27760683760686
Snake gourd,Wholesale,Dambulla,2026-01-15,9.72473333333329,9.72473333333329,4.2281449275362135
Snake gourd,Wholesale,Dambulla,2026-01-16,39.123516666666575,39.123516666666575,14.76359119496852
Snake gourd,Wholesale,Dambulla,2026-01-17,11.703533333333212,11.703533333333212,4.4444360055190115
Snake gourd,Wholesale,Dambulla,2026-01-18,2.70900000000006,2.70900000000006,1.0352734360072076
Snake gourd,Wholesale,Dambulla,2026-01-19,5.625099999999833,5.625099999999833,2.1634999999999356
Snake gourd,Wholesale,Dambulla,2026-01-20,64.73773333333341,64.73773333333341,34.07249122807022
Snake gourd,Wholesale,Dambulla,2026-01-21,21.435600000000022,21.435600000000022,10.992615384615396
Snake gourd,Wholesale,Dambulla,2026-01-22,12.787750000000159,12.787750000000159,6.7303947368421895
Snake gourd,Wholesale,Dambulla,2026-01-23,4.925316666666504,4.925316666666504,2.462658333333252
Snake gourd,Wholesale,Pettah,2026-01-01,88.12381666666641,88.12381666666641,22.030954166666604
Snake gourd,Wholesale,Pettah,2026-01-02,20.620333333333235,20.620333333333235,5.155083333333309
Snake gourd,Wholesale,Pettah,2026-01-03,16.827966666666725,16.827966666666725,4.38994252123933
Snake gourd,Wholesale,Pettah,2026-01-04,15.250433333333206,15.250433333333206,4.159171280261054
Snake gourd,Wholesale,Pettah,2026-01-05,17.527916666666727,17.527916666666727,5.0079761904762075
Snake gourd,Wholesale,Pettah,2026-01-06,58.21181666666672,58.21181666666672,19.40393888888891
Snake gourd,Wholesale,Pettah,2026-01-07,13.130083333333175,13.130083333333175,4.376694444444391
Snake gourd,Wholesale,Pettah,2026-01-08,42.518800000000226,42.518800000000226,12.505529411764774
Snake gourd,Wholesale,Pettah,2026-01-09,34.57435000000021,34.57435000000021,11.524783333333403
Snake gourd,Wholesale,Pettah,2026-01-10,9.253533333333223,9.253533333333223,3.0845111111110746
Snake gourd,Wholesale,Pettah,2026-01-11,5.886250000000132,5.886250000000132,1.9620833333333774
Snake gourd,Wholesale,Pettah,2026-01-12,9.61196666666683,9.61196666666683,3.2039888888889436
Snake gourd,Wholesale,Pettah,2026-01-13,8.064083333333372,8.064083333333372,2.6880277777777906
Snake gourd,Wholesale,Pettah,2026-01-14,10.927133333333416,10.927133333333416,3.6423777777778055
Snake gourd,Wholesale,Pettah,2026-01-15,8.829483333333258,8.829483333333258,3.210721212121185
Snake gourd,Wholesale,Pettah,2026-01-16,22.524749999999983,22.524749999999983,9.009899999999993
Snake gourd,Wholesale,Pettah,2026-01-17,0.7400333333332298,0.7400333333332298,0.29601333333329194
Snake gourd,Wholesale,Pettah,2026-01-18,0.758199999999988,0.758199999999988,0.30327999999999516
Snake gourd,Wholesale,Pettah,2026-01-19,2.141599999999954,2.141599999999954,0.8566399999999816
Snake gourd,Wholesale,Pettah,2026-01-20,51.00083333333333,51.00083333333333,25.500416666666663
Snake gourd,Wholesale,Pettah,2026-01-21,13.904666666666714,13.904666666666714,6.952333333333356
Snake gourd,Wholesale,Pettah,2026-01-22,14.727816666666655,14.727816666666655,6.6944621212121165
Snake gourd,Wholesale,Pettah,2026-01-23,15.632066666666702,15.632066666666702,7.816033333333351
Tomato,Retail,Dambulla,2026-01-01,34.171133333333444,34.171133333333444,9.625671361502379
Tomato,Retail,Dambulla,2026-01-02,26.13728333333364,26.13728333333364,7.5760241545894615
Tomato,Retail,Dambulla,2026-01-03,20.13993333333326,20.13993333333326,5.5177899543378794
Tomato,Retail,Dambulla,2026-01-04,41.26018333333337,41.26018333333337,10.716930735930747
Tomato,Retail,Dambulla,2026-01-05,24.858033333333253,24.858033333333253,6.1377860082304325
Tomato,Retail,Dambulla,2026-01-06,76.51609999999988,76.51609999999988,16.816725274725247
Tomato,Retail,Dambulla,2026-01-07,56.40603333333354,56.40603333333354,11.751256944444487
Tomato,Retail,Dambulla,2026-01-08,39.45123333333356,39.45123333333356,7.8121254125413
Tomato,Retail,Dambulla,2026-01-09,25.535133333333192,25.535133333333192,4.910602564102537
Tomato,Retail,Dambulla,2026-01-10,8.070983333333174,8.070983333333174,1.567181229773432
Tomato,Retail,Dambulla,2026-01-11,7.9852999999998815,7.9852999999998815,1.5657450980391925
Tomato,Retail,Dambulla,2026-01-12,6.970949999999959,6.970949999999959,1.3803861386138534
Tomato,Retail,Dambulla,2026-01-13,12.343550000000164,12.343550000000164,2.571572916666701
Tomato,Retail,Dambulla,2026-01-14,79.99743333333328,79.99743333333328,20.252514767932475
Tomato,Retail,Dambulla,2026-01-15,17.756300000000238,17.756300000000238,4.439075000000059
Tomato,Retail,Dambulla,2026-01-16,1.7834000000000287,1.7834000000000287,0.4403456790123527
Tomato,Retail,Dambulla,2026-01-17,13.399333333333061,13.399333333333061,3.406639039313823
Tomato,Retail,Dambulla,2026-01-18,17.792299999999955,17.792299999999955,4.661697277753021
Tomato,Retail,Dambulla,2026-01-19,17.56049999999999,17.56049999999999,4.746081081081079
Tomato,Retail,Dambulla,2026-01-20,20.425883333333218,20.425883333333218,5.753769953051611
Tomato,Retail,Dambulla,2026-01-21,15.284599999999955,15.284599999999955,4.495470588235281
Tomato,Retail,Dambulla,2026-01-22,2.496483333333174,2.496483333333174,0.7342598039215218
Tomato,Retail,Dambulla,2026-01-23,80.22423333333336,80.22423333333336,19.101007936507944
Tomato,Retail,Pettah,2026-01-01,5.386166666666725,5.386166666666725,1.077233333333345
Tomato,Retail,Pettah,2026-01-02,52.930416666666645,52.930416666666645,9.623712121212117
Tomato,Retail,Pettah,2026-01-03,34.28795000000014,34.28795000000014,6.050779113064066
Tomato,Retail,Pettah,2026-01-04,12.738950000000159,12.738950000000159,2.183832479042765
Tomato,Retail,Pettah,2026-01-05,0.47988333333296396,0.47988333333296396,0.07998055555549399
Tomato,Retail,Pettah,2026-01-06,4.898716666666928,4.898716666666928,0.8164527777778213
Tomato,Retail,Pettah,2026-01-07,6.329250000000229,6.329250000000229,1.0548750000000382
Tomato,Retail,Pettah,2026-01-08,9.487916666666479,9.487916666666479,1.581319444444413
Tomato,Retail,Pettah,2026-01-09,9.967233333333297,9.967233333333297,1.6612055555555494
Tomato,Retail,Pettah,2026-01-10,5.326716666666698,5.326716666666698,0.9131566466094145
Tomato,Retail,Pettah,2026-01-11,15.845116666666854,15.845116666666854,2.7961806107023235
Tomato,Retail,Pettah,2026-01-12,3.7396666666667215,3.7396666666667215,0.679939393939404
Tomato,Retail,Pettah,2026-01-13,24.01901666666663,24.01901666666663,4.367093939393932
Tomato,Retail,Pettah,2026-01-14,33.09501666666665,33.09501666666665,6.017275757575755
Tomato,Retail,Pettah,2026-01-15,32.10343333333333,32.10343333333333,5.836987878787878
Tomato,Retail,Pettah,2026-01-16,25.934433333333573,25.934433333333573,4.715351515151559
Tomato,Retail,Pettah,2026-01-17,8.345300000000293,8.345300000000293,1.5647535297096153
Tomato,Retail,Pettah,2026-01-18,5.079183333333106,5.079183333333106,0.9830613996038295
Tomato,Retail,Pettah,2026-01-19,5.5037166666665485,5.5037166666665485,1.1007433333333099
Tomato,Retail,Pettah,2026-01-20,23.925916666666694,23.925916666666694,5.316870370370377
Tomato,Retail,Pettah,2026-01-21,39.44448333333355,39.44448333333355,9.861120833333388
Tomato,Retail,Pettah,2026-01-22,45.99186666666657,45.99186666666657,13.140533333333304
Tomato,Retail,Pettah,2026-01-23,22.517216666666684,22.517216666666684,6.433490476190482
Tomato,Wholesale,Dambulla,2026-01-01,33.788083333333475,33.788083333333475,10.396333333333377
Tomato,Wholesale,Dambulla,2026-01-02,22.881000000000256,22.881000000000256,7.263809523809606
Tomato,Wholesale,Dambulla,2026-01-03,23.305883333333327,23.305883333333327,6.956980099502486
Tomato,Wholesale,Dambulla,2026-01-04,28.930516666666563,28.930516666666563,8.149441314553961
Tomato,Wholesale,Dambulla,2026-01-05,38.07733333333306,38.07733333333306,10.153955555555482
Tomato,Wholesale,Dambulla,2026-01-06,66.25401666666664,66.25401666666664,15.589180392156857
Tomato,Wholesale,Dambulla,2026-01-07,53.63116666666667,53.63116666666667,11.918037037037038
Tomato,Wholesale,Dambulla,2026-01-08,45.96656666666661,45.96656666666661,9.67717192982455
Tomato,Wholesale,Dambulla,2026-01-09,33.98590000000007,33.98590000000007,6.935897959183689
Tomato,Wholesale,Dambulla,2026-01-10,14.974216666666905,14.974216666666905,3.087467353951939
Tomato,Wholesale,Dambulla,2026-01-11,1.120333333333292,1.120333333333292,0.2334027777777692
Tomato,Wholesale,Dambulla,2026-01-12,1.6511833333332788,1.6511833333332788,0.34761754385963767
Tomato,Wholesale,Dambulla,2026-01-13,13.136933333333332,13.136933333333332,2.919318518518518
Tomato,Wholesale,Dambulla,2026-01-14,84.93008333333347,84.93008333333347,23.268515981735195
Tomato,Wholesale,Dambulla,2026-01-15,15.503200000000163,15.503200000000163,4.190054054054098
Tomato,Wholesale,Dambulla,2026-01-16,8.20243333333309,8.20243333333309,2.1873155555554904
Tomato,Wholesale,Dambulla,2026-01-17,8.07729999999998,8.07729999999998,2.223130487435659
Tomato,Wholesale,Dambulla,2026-01-18,11.450766666666482,11.450766666666482,3.25611131648036
Tomato,Wholesale,Dambulla,2026-01-19,15.20771666666667,15.20771666666667,4.472857843137256
Tomato,Wholesale,Dambulla,2026-01-20,22.61295000000007,22.61295000000007,6.9578307692307915
Tomato,Wholesale,Dambulla,2026-01-21,26.159866666666517,26.159866666666517,8.438666666666618
Tomato,Wholesale,Dambulla,2026-01-22,1.6901666666666983,1.6901666666666983,0.5452150537634511
Tomato,Wholesale,Dambulla,2026-01-23,85.29778333333343,85.29778333333343,21.87122649572652
Tomato,Wholesale,Pettah,2026-01-01,9.890883333333306,9.890883333333306,2.4727208333333266
Tomato,Wholesale,Pettah,2026-01-02,27.988983333333238,27.988983333333238,6.219774074074053
Tomato,Wholesale,Pettah,2026-01-03,14.517083333333062,14.517083333333062,3.110781351561716
Tomato,Wholesale,Pettah,2026-01-04,3.0018666666667286,3.0018666666667286,0.6210801453803259
Tomato,Wholesale,Pettah,2026-01-05,3.3308500000001686,3.3308500000001686,0.6661700000000337
Tomato,Wholesale,Pettah,2026-01-06,11.02736666666658,11.02736666666658,2.205473333333316
Tomato,Wholesale,Pettah,2026-01-07,36.765100000000075,36.765100000000075,6.68456363636365
Tomato,Wholesale,Pettah,2026-01-08,42.082716666666556,42.082716666666556,8.41654333333331
Tomato,Wholesale,Pettah,2026-01-09,3.6471333333331586,3.6471333333331586,0.7294266666666317
Tomato,Wholesale,Pettah,2026-01-10,15.327283333333355,15.327283333333355,3.1711839391995853
Tomato,Wholesale,Pettah,2026-01-11,11.020816666666747,11.020816666666747,2.3615867029521387
Tomato,Wholesale,Pettah,2026-01-12,8.618666666666797,8.618666666666797,1.9152592592592883
Tomato,Wholesale,Pettah,2026-01-13,3.908683333333329,3.908683333333329,0.8685962962962953
Tomato,Wholesale,Pettah,2026-01-14,8.916166666666868,8.916166666666868,1.9813703703704153
Tomato,Wholesale,Pettah,2026-01-15,7.214199999999948,7.214199999999948,1.6031555555555441
Tomato,Wholesale,Pettah,2026-01-16,10.09229999999991,10.09229999999991,2.2427333333333133
Tomato,Wholesale,Pettah,2026-01-17,12.27491666666657,12.27491666666657,2.727759259259238
Tomato,Wholesale,Pettah,2026-01-18,11.560799999999972,11.560799999999972,2.5690666666666604
Tomato,Wholesale,Pettah,2026-01-19,9.795166666666603,9.795166666666603,2.1767037037036894
Tomato,Wholesale,Pettah,2026-01-20,38.30615000000023,38.30615000000023,9.576537500000057
Tomato,Wholesale,Pettah,2026-01-21,54.386350000000164,54.386350000000164,15.53895714285719
Tomato,Wholesale,Pettah,2026-01-22,61.97426666666655,61.97426666666655,20.65808888888885
Tomato,Wholesale,Pettah,2026-01-23,24.179883333333237,24.179883333333237,8.059961111111079
Potato (Local),Retail,Dambulla,2026-01-01,13.082750000000033,13.082750000000033,4.220241935483882
Potato (Local),Retail,Dambulla,2026-01-02,6.43388333333337,6.43388333333337,2.0754462365591513
Potato (Local),Retail,Dambulla,2026-01-03,2.437283333333255,2.437283333333255,0.7894035087719045
Potato (Local),Retail,Dambulla,2026-01-04,2.626383333333422,2.626383333333422,0.8541084010840397
Potato (Local),Retail,Dambulla,2026-01-05,1.4708833333335178,1.4708833333335178,0.48028843537420995
Potato (Local),Retail,Dambulla,2026-01-06,4.056266666666602,4.056266666666602,1.3299234972677383
Potato (Local),Retail,Dambulla,2026-01-07,49.96886666666671,49.96886666666671,14.27681904761906
Potato (Local),Retail,Dambulla,2026-01-08,17.349533333333397,17.349533333333397,5.257434343434363
Potato (Local),Retail,Dambulla,2026-01-09,2.7675833333333912,2.7675833333333912,0.8386616161616338
Potato (Local),Retail,Dambulla,2026-01-10,2.9803166666668517,2.9803166666668517,0.9031262626263187
Potato (Local),Retail,Dambulla,2026-01-11,1.7217000000000553,1.7217000000000553,0.5217272727272895
Potato (Local),Retail,Dambulla,2026-01-12,2.8861666666667247,2.8861666666667247,0.8745959595959772
Potato (Local),Retail,Dambulla,2026-01-13,3.2811500000001956,3.2811500000001956,0.994287878787938
Potato (Local),Retail,Dambulla,2026-01-14,4.4445166666668,4.4445166666668,1.3468232323232727
Potato (Local),Retail,Dambulla,2026-01-15,2.936916666666775,2.936916666666775,0.8899747474747803
Potato (Local),Retail,Dambulla,2026-01-16,3.4077500000003056,3.4077500000003056,1.0326515151516078
Potato (Local),Retail,Dambulla,2026-01-17,24.98620000000011,24.98620000000011,7.105013222623513
Potato (Local),Retail,Dambulla,2026-01-18,26.511233333333337,26.511233333333337,7.101286618630525
Potato (Local),Retail,Dambulla,2026-01-19,19.432733333333317,19.432733333333317,4.919679324894511
Potato (Local),Retail,Dambulla,2026-01-20,26.602499999999964,26.602499999999964,7.493661971830975
Potato (Local),Retail,Dambulla,2026-01-21,3.4101166666665677,3.4101166666665677,0.9696922304053708
Potato (Local),Retail,Dambulla,2026-01-22,2.4240499999999656,2.4240499999999656,0.6959061809203817
Potato (Local),Retail,Dambulla,2026-01-23,1.1614999999999327,1.1614999999999327,0.33666666666664713
Potato (Local),Retail,Pettah,2026-01-01,2.170866666666825,2.170866666666825,0.5712807017544276
Potato (Local),Retail,Pettah,2026-01-02,1.9195666666664692,1.9195666666664692,0.5051491228069656
Potato (Local),Retail,Pettah,2026-01-03,2.693049999999687,2.693049999999687,0.7086973684209703
Potato (Local),Retail,Pettah,2026-01-04,5.507283333333362,5.507283333333362,1.4492850877193058
Potato (Local),Retail,Pettah,2026-01-05,5.70535000000001,5.70535000000001,1.5014078947368448
Potato (Local),Retail,Pettah,2026-01-06,5.215316666666581,5.215316666666581,1.3724517543859425
Potato (Local),Retail,Pettah,2026-01-07,3.147366666666585,3.147366666666585,0.8282543859648908
Potato (Local),Retail,Pettah,2026-01-08,3.7968166666665866,3.7968166666665866,0.9991622807017333
Potato (Local),Retail,Pettah,2026-01-09,3.7570666666667307,3.7570666666667307,0.9683161512027657
Potato (Local),Retail,Pettah,2026-01-10,0.2476166666666586,0.2476166666666586,0.0638187285223347
Potato (Local),Retail,Pettah,2026-01-11,1.1521666666663464,1.1521666666663464,0.2969501718212233
Potato (Local),Retail,Pettah,2026-01-12,0.4549166666668043,0.4549166666668043,0.11724656357391863
Potato (Local),Retail,Pettah,2026-01-13,33.7644333333335,33.7644333333335,8.039150793650833
Potato (Local),Retail,Pettah,2026-01-14,2.5685333333336757,2.5685333333336757,0.6115555555556371
Potato (Local),Retail,Pettah,2026-01-15,1.6864999999998531,1.6864999999998531,0.40154761904758407
Potato (Local),Retail,Pettah,2026-01-16,2.3780333333334625,2.3780333333334625,0.5661984126984434
Potato (Local),Retail,Pettah,2026-01-17,1.9616000000000895,1.9616000000000895,0.46704761904764036
Potato (Local),Retail,Pettah,2026-01-18,2.4794166666667365,2.4794166666667365,0.5903373015873182
Potato (Local),Retail,Pettah,2026-01-19,4.382159523809605,4.382159523809605,1.043371315192763
Potato (Local),Retail,Pettah,2026-01-20,3.9800428571428483,3.9800428571428483,0.9476292517006781
Potato (Local),Retail,Pettah,2026-01-21,4.396242857142681,4.396242857142681,1.0467244897958765
Potato (Local),Retail,Pettah,2026-01-22,5.089116666666655,5.089116666666655,1.2116944444444417
Potato (Local),Retail,Pettah,2026-01-23,5.183766666666543,5.183766666666543,1.2342301587301292
Potato (Local),Wholesale,Dambulla,2026-01-01,16.196583333333137,16.196583333333137,5.585028735632116
Potato (Local),Wholesale,Dambulla,2026-01-02,3.3004833333332613,3.3004833333332613,1.1380977011494005
Potato (Local),Wholesale,Dambulla,2026-01-03,2.2715999999998076,2.2715999999998076,0.7833103448275199
Potato (Local),Wholesale,Dambulla,2026-01-04,0.03188333333338278,0.03188333333338278,0.010994252873580268
Potato (Local),Wholesale,Dambulla,2026-01-05,0.8989500000000703,0.8989500000000703,0.3099827586207139
Potato (Local),Wholesale,Dambulla,2026-01-06,2.4516000000000986,2.4516000000000986,0.8453793103448616
Potato (Local),Wholesale,Dambulla,2026-01-07,42.41931666666676,42.41931666666676,12.854338383838412
Potato (Local),Wholesale,Dambulla,2026-01-08,9.300049999999942,9.300049999999942,3.000016129032239
Potato (Local),Wholesale,Dambulla,2026-01-09,3.5031166666668128,3.5031166666668128,1.1300376344086493
Potato (Local),Wholesale,Dambulla,2026-01-10,5.542466666666712,5.542466666666712,1.7878924731182941
Potato (Local),Wholesale,Dambulla,2026-01-11,2.784266666666838,2.784266666666838,0.8981505376344638
Potato (Local),Wholesale,Dambulla,2026-01-12,4.752400000000023,4.752400000000023,1.5330322580645235
Potato (Local),Wholesale,Dambulla,2026-01-13,3.3830999999998994,3.3830999999998994,1.0913225806451288
Potato (Local),Wholesale,Dambulla,2026-01-14,0.6894999999997253,0.6894999999997253,0.22241935483862108
Potato (Local),Wholesale,Dambulla,2026-01-15,1.3335666666669113,1.3335666666669113,0.4301827956990036
Potato (Local),Wholesale,Dambulla,2026-01-16,2.5119500000001835,2.5119500000001835,0.8103064516129623
Potato (Local),Wholesale,Dambulla,2026-01-17,22.617516666666972,22.617516666666972,6.8192832232842795
Potato (Local),Wholesale,Dambulla,2026-01-18,20.874850000000094,20.874850000000094,5.908032151246737
Potato (Local),Wholesale,Dambulla,2026-01-19,21.73511666666684,21.73511666666684,5.796031111111157
Potato (Local),Wholesale,Dambulla,2026-01-20,27.345016666666368,27.345016666666368,8.162691542288467
Potato (Local),Wholesale,Dambulla,2026-01-21,8.14941666666681,8.14941666666681,2.4570858584336266
Potato (Local),Wholesale,Dambulla,2026-01-22,1.8790333333333251,1.8790333333333251,0.5723002263982351
Potato (Local),Wholesale,Dambulla,2026-01-23,2.8170499999999947,2.8170499999999947,0.8667846153846137
Potato (Local),Wholesale,Pettah,2026-01-01,4.650866666666673,4.650866666666673,1.4093535353535371
Potato (Local),Wholesale,Pettah,2026-01-02,2.0745333333333633,2.0745333333333633,0.6286464646464737
Potato (Local),Wholesale,Pettah,2026-01-03,14.994433333333234,14.994433333333234,4.397194525904174
Potato (Local),Wholesale,Pettah,2026-01-04,11.75288333333333,11.75288333333333,3.3388873106060597
Potato (Local),Wholesale,Pettah,2026-01-05,12.899416666666696,12.899416666666696,3.5535583103765
Potato (Local),Wholesale,Pettah,2026-01-06,3.7415833333335513,3.7415833333335513,1.025091324200973
Potato (Local),Wholesale,Pettah,2026-01-07,4.019599999999912,4.019599999999912,1.116555555555531
Potato (Local),Wholesale,Pettah,2026-01-08,10.47545000000008,10.47545000000008,2.7934533333333547
Potato (Local),Wholesale,Pettah,2026-01-09,13.086033333333546,13.086033333333546,3.372689003436481
Potato (Local),Wholesale,Pettah,2026-01-10,4.404099999999744,4.404099999999744,1.1360435421878772
Potato (Local),Wholesale,Pettah,2026-01-11,4.8575833333332525,4.8575833333332525,1.2541200870919507
Potato (Local),Wholesale,Pettah,2026-01-12,1.3273333333334563,1.3273333333334563,0.34298018949184916
Potato (Local),Wholesale,Pettah,2026-01-13,14.003533333333394,14.003533333333394,3.500883333333348
Potato (Local),Wholesale,Pettah,2026-01-14,4.3073833333332345,4.3073833333332345,1.0768458333333086
Potato (Local),Wholesale,Pettah,2026-01-15,4.938400000000172,4.938400000000172,1.234600000000043
Potato (Local),Wholesale,Pettah,2026-01-16,5.893383333333304,5.893383333333304,1.473345833333326
Potato (Local),Wholesale,Pettah,2026-01-17,8.177199999999914,8.177199999999914,2.0324609151691186
Potato (Local),Wholesale,Pettah,2026-01-18,10.96236666666664,10.96236666666664,2.7089645060584275
Potato (Local),Wholesale,Pettah,2026-01-19,9.503666666666561,9.503666666666561,2.335053235053209
Potato (Local),Wholesale,Pettah,2026-01-20,7.649733333333245,7.649733333333245,1.8657886178861574
Potato (Local),Wholesale,Pettah,2026-01-21,1.7627166666667335,1.7627166666667335,0.4299308943089594
Potato (Local),Wholesale,Pettah,2026-01-22,1.701883333333285,1.701883333333285,0.4150934959349476
Potato (Local),Wholesale,Pettah,2026-01-23,2.225766666666857,2.225766666666857,0.5428699186992334
Big Onion (Local),Retail,Dambulla,2026-01-01,9.204750000000217,9.204750000000217,3.681900000000087
Big Onion (Local),Retail,Dambulla,2026-01-02,4.077499999999986,4.077499999999986,1.5990196078431318
Big Onion (Local),Retail,Dambulla,2026-01-03,10.658199999999908,10.658199999999908,4.2804016064256665
Big Onion (Local),Retail,Dambulla,2026-01-04,17.69515000000007,17.69515000000007,7.281954732510316
Big Onion (Local),Retail,Dambulla,2026-01-05,14.39285000000001,14.39285000000001,6.072932489451481
Big Onion (Local),Retail,Dambulla,2026-01-06,18.114633333333472,18.114633333333472,7.841832611832672
Big Onion (Local),Retail,Dambulla,2026-01-07,16.337966666666716,16.337966666666716,7.26131851851854
Big Onion (Local),Retail,Dambulla,2026-01-08,8.509266666666804,8.509266666666804,3.7818962962963574
Big Onion (Local),Retail,Dambulla,2026-01-09,10.535083333333489,10.535083333333489,4.682259259259328
Big Onion (Local),Retail,Dambulla,2026-01-10,2.7235333333332505,2.7235333333332505,1.1589503546098938
Big Onion (Local),Retail,Dambulla,2026-01-11,3.4554666666664957,3.4554666666664957,1.4103945578230594
Big Onion (Local),Retail,Dambulla,2026-01-12,4.725733333333295,4.725733333333295,1.8532287581699198
Big Onion (Local),Retail,Dambulla,2026-01-13,12.235616666666829,12.235616666666829,4.9941292517007465
Big Onion (Local),Retail,Dambulla,2026-01-14,23.853000000000037,23.853000000000037,10.446721849954029
Big Onion (Local),Retail,Dambulla,2026-01-15,27.614650000000125,27.614650000000125,13.046085888411266
Big Onion (Local),Retail,Dambulla,2026-01-16,26.369983333333465,26.369983333333465,13.523068376068444
Big Onion (Local),Retail,Dambulla,2026-01-17,13.728066666666763,13.728066666666763,7.1314632034632535
Big Onion (Local),Retail,Dambulla,2026-01-18,8.504916666666873,8.504916666666873,4.476271929824669
Big Onion (Local),Retail,Dambulla,2026-01-19,7.998483333333581,7.998483333333581,4.26585777777791
Big Onion (Local),Retail,Dambulla,2026-01-20,6.21530000000007,6.21530000000007,3.3596216216216597
Big Onion (Local),Retail,Dambulla,2026-01-21,14.917166666666787,14.917166666666787,8.524095238095306
Big Onion (Local),Retail,Dambulla,2026-01-22,16.753683333333527,16.753683333333527,10.153747474747592
Big Onion (Local),Retail,Dambulla,2026-01-23,16.56648333333331,16.56648333333331,10.688053763440845
Big Onion (Local),Retail,Pettah,2026-01-01,10.299183333333389,10.299183333333389,5.100878279101277
Big Onion (Local),Retail,Pettah,2026-01-02,16.403200000000083,16.403200000000083,8.344711807498644
Big Onion (Local),Retail,Pettah,2026-01-03,15.830816666666806,15.830816666666806,8.278416915058727
Big Onion (Local),Retail,Pettah,2026-01-04,13.468750000000114,13.468750000000114,7.245548442627422
Big Onion (Local),Retail,Pettah,2026-01-05,5.7674833333335584,5.7674833333335584,3.194573686348487
Big Onion (Local),Retail,Pettah,2026-01-06,6.432200000000137,6.432200000000137,3.671347031963548
Big Onion (Local),Retail,Pettah,2026-01-07,9.066683333333458,9.066683333333458,5.337738922249769
Big Onion (Local),Retail,Pettah,2026-01-08,9.243500000000068,9.243500000000068,5.618807367333335
Big Onion (Local),Retail,Pettah,2026-01-09,10.407583333333378,10.407583333333378,6.538658876253929
Big Onion (Local),Retail,Pettah,2026-01-10,9.71626666666674,9.71626666666674,6.316236538169889
Big Onion (Local),Retail,Pettah,2026-01-11,7.366050000000001,7.366050000000001,4.960637079938043
Big Onion (Local),Retail,Pettah,2026-01-12,7.123666666666679,7.123666666666679,4.976712775371441
Big Onion (Local),Retail,Pettah,2026-01-13,6.811283333333307,6.811283333333307,4.942876149008205
Big Onion (Local),Retail,Pettah,2026-01-14,9.25173333333339,9.25173333333339,6.984548794604703
Big Onion (Local),Retail,Pettah,2026-01-15,8.067999999999998,8.067999999999998,6.34725828022972
Big Onion (Local),Retail,Pettah,2026-01-16,9.358366666666612,9.358366666666612,7.685280994224039
Big Onion (Local),Retail,Pettah,2026-01-17,9.397716666666568,9.397716666666568,8.071559449168229
Big Onion (Local),Retail,Pettah,2026-01-18,11.371416666666619,11.371416666666619,10.236219881777494
Big Onion (Local),Retail,Pettah,2026-01-19,9.745833333333323,9.745833333333323,9.21678960973456
Big Onion (Local),Retail,Pettah,2026-01-20,11.259749999999997,11.259749999999997,11.214890438247007
Big Onion (Local),Retail,Pettah,2026-01-21,11.989249999999998,11.989249999999998,12.612297496318112
Big Onion (Local),Retail,Pettah,2026-01-22,14.49105000000003,14.49105000000003,16.153215917957898
Big Onion (Local),Retail,Pettah,2026-01-23,11.296916666666661,11.296916666666661,13.389731737189356
Big Onion (Local),Wholesale,Dambulla,2026-01-01,7.38263333333353,7.38263333333353,3.2098405797102303
Big Onion (Local),Wholesale,Dambulla,2026-01-02,1.1187666666667724,1.1187666666667724,0.47607092198586065
Big Onion (Local),Wholesale,Dambulla,2026-01-03,9.123550000000023,9.123550000000023,3.9840829694323245
Big Onion (Local),Wholesale,Dambulla,2026-01-04,13.084616666666705,13.084616666666705,5.8675411061285665
Big Onion (Local),Wholesale,Dambulla,2026-01-05,13.671366666666898,13.671366666666898,6.300168970814239
Big Onion (Local),Wholesale,Dambulla,2026-01-06,17.898166666666725,17.898166666666725,8.48254344391788
Big Onion (Local),Wholesale,Dambulla,2026-01-07,7.683133333333473,7.683133333333473,3.747869918699255
Big Onion (Local),Wholesale,Dambulla,2026-01-08,4.184249999999963,4.184249999999963,2.041097560975592
Big Onion (Local),Wholesale,Dambulla,2026-01-09,5.15143333333333,5.15143333333333,2.5128943089430877
Big Onion (Local),Wholesale,Dambulla,2026-01-10,6.015299999999911,6.015299999999911,2.7978139534883306
Big Onion (Local),Wholesale,Dambulla,2026-01-11,4.036700000000167,4.036700000000167,1.794088888888963
Big Onion (Local),Wholesale,Dambulla,2026-01-12,3.1537499999999454,3.1537499999999454,1.3420212765957216
Big Onion (Local),Wholesale,Dambulla,2026-01-13,10.373800000000017,10.373800000000017,4.610577777777785
Big Onion (Local),Wholesale,Dambulla,2026-01-14,22.2888333333334,22.2888333333334,10.698811180978927
Big Onion (Local),Wholesale,Dambulla,2026-01-15,24.92410000000018,24.92410000000018,13.003652110398175
Big Onion (Local),Wholesale,Dambulla,2026-01-16,26.467883333333447,26.467883333333447,15.124504761904827
Big Onion (Local),Wholesale,Dambulla,2026-01-17,11.250833333333532,11.250833333333532,6.522222222222338
Big Onion (Local),Wholesale,Dambulla,2026-01-18,4.900216666666694,4.900216666666694,2.8824803921568787
Big Onion (Local),Wholesale,Dambulla,2026-01-19,9.53596666666661,9.53596666666661,5.693114427860663
Big Onion (Local),Wholesale,Dambulla,2026-01-20,9.937616666666628,9.937616666666628,6.022797979797956
Big Onion (Local),Wholesale,Dambulla,2026-01-21,17.262100000000004,17.262100000000004,11.136838709677422
Big Onion (Local),Wholesale,Dambulla,2026-01-22,16.444649999999996,16.444649999999996,11.34113793103448
Big Onion (Local),Wholesale,Dambulla,2026-01-23,15.344850000000065,15.344850000000065,11.366555555555603
Big Onion (Local),Wholesale,Pettah,2026-01-01,4.292483333333564,4.292483333333564,2.402867965368095
Big Onion (Local),Wholesale,Pettah,2026-01-02,5.600533333333402,5.600533333333402,3.1975639927681425
Big Onion (Local),Wholesale,Pettah,2026-01-03,7.206266666666863,7.206266666666863,4.197743733131511
Big Onion (Local),Wholesale,Pettah,2026-01-04,5.960650000000072,5.960650000000072,3.5442085860388106
Big Onion (Local),Wholesale,Pettah,2026-01-05,5.92945000000006,5.92945000000006,3.6001517911354344
Big Onion (Local),Wholesale,Pettah,2026-01-06,4.864833333333394,4.864833333333394,3.017699481008246
Big Onion (Local),Wholesale,Pettah,2026-01-07,5.953016666666599,5.953016666666599,3.7741816183773533
Big Onion (Local),Wholesale,Pettah,2026-01-08,7.065833333333302,7.065833333333302,4.581064142461944
Big Onion (Local),Wholesale,Pettah,2026-01-09,7.331900000000104,7.331900000000104,4.8632926505705125
Big Onion (Local),Wholesale,Pettah,2026-01-10,6.664433333333278,6.664433333333278,4.525316312441962
Big Onion (Local),Wholesale,Pettah,2026-01-11,6.720916666666682,6.720916666666682,4.6741196652525785
Big Onion (Local),Wholesale,Pettah,2026-01-12,4.497983333333394,4.497983333333394,3.2059752910430466
Big Onion (Local),Wholesale,Pettah,2026-01-13,7.912816666666771,7.912816666666771,5.78337718657124
Big Onion (Local),Wholesale,Pettah,2026-01-14,7.609516666666735,7.609516666666735,5.707280182004601
Big Onion (Local),Wholesale,Pettah,2026-01-15,8.187100000000072,8.187100000000072,6.305044281863744
Big Onion (Local),Wholesale,Pettah,2026-01-16,7.779066666666651,7.779066666666651,6.156273082198996
Big Onion (Local),Wholesale,Pettah,2026-01-17,7.176616666666661,7.176616666666661,5.840345594618051
Big Onion (Local),Wholesale,Pettah,2026-01-18,7.483133333333342,7.483133333333342,6.267805790546396
Big Onion (Local),Wholesale,Pettah,2026-01-19,8.018050000000102,8.018050000000102,6.91747907859555
Big Onion (Local),Wholesale,Pettah,2026-01-20,10.854333333333429,10.854333333333429,9.65516218940885
Big Onion (Local),Wholesale,Pettah,2026-01-21,6.055300000000017,6.055300000000017,5.55838076005142
Big Onion (Local),Wholesale,Pettah,2026-01-22,5.309833333333387,5.309833333333387,5.0354038248775606
Big Onion (Local),Wholesale,Pettah,2026-01-23,8.856433333333342,8.856433333333342,8.685332287274043
Red Onion (Imp),Retail,Dambulla,2026-01-01,1.2550000000000523,1.2550000000000523,0.3535211267605781
Red Onion (Imp),Retail,Dambulla,2026-01-02,18.276866666666592,18.276866666666592,5.538444444444422
Red Onion (Imp),Retail,Dambulla,2026-01-03,2.342116666666584,2.342116666666584,0.6991393034825624
Red Onion (Imp),Retail,Dambulla,2026-01-04,8.219116666666764,8.219116666666764,2.4173872549019895
Red Onion (Imp),Retail,Dambulla,2026-01-05,1.9011000000000422,1.9011000000000422,0.5510434782608817
Red Onion (Imp),Retail,Dambulla,2026-01-06,40.688166666666746,40.688166666666746,10.568354978355
Red Onion (Imp),Retail,Dambulla,2026-01-07,43.98851666666667,43.98851666666667,13.130900497512437
Red Onion (Imp),Retail,Dambulla,2026-01-08,21.713616666667008,21.713616666667008,6.5798838383839415
Red Onion (Imp),Retail,Dambulla,2026-01-09,16.88566666666668,16.88566666666668,5.360529100529105
Red Onion (Imp),Retail,Dambulla,2026-01-10,10.465583333333598,10.465583333333598,3.3942799381615796
Red Onion (Imp),Retail,Dambulla,2026-01-11,9.83636666666672,9.83636666666672,3.260638003999973
Red Onion (Imp),Retail,Dambulla,2026-01-12,7.90131666666656,7.90131666666656,2.6784124293784948
Red Onion (Imp),Retail,Dambulla,2026-01-13,15.573450000000093,15.573450000000093,4.866703125000029
Red Onion (Imp),Retail,Dambulla,2026-01-14,23.697033333333252,23.697033333333252,8.032892655367203
Red Onion (Imp),Retail,Dambulla,2026-01-15,3.4375500000000443,3.4375500000000443,1.1088870967742077
Red Onion (Imp),Retail,Dambulla,2026-01-16,19.7223166666667,19.7223166666667,6.068405128205138
Red Onion (Imp),Retail,Dambulla,2026-01-17,2.228733333333139,2.228733333333139,0.6928632863907541
Red Onion (Imp),Retail,Dambulla,2026-01-18,8.508933333333346,8.508933333333346,2.672991340223462
Red Onion (Imp),Retail,Dambulla,2026-01-19,7.612349999999935,7.612349999999935,2.4166190476190272
Red Onion (Imp),Retail,Dambulla,2026-01-20,17.515516666666713,17.515516666666713,5.228512437810958
Red Onion (Imp),Retail,Dambulla,2026-01-21,25.46550000000019,25.46550000000019,8.268019480519543
Red Onion (Imp),Retail,Dambulla,2026-01-22,54.060333333333176,54.060333333333176,20.792435897435837
Red Onion (Imp),Retail,Dambulla,2026-01-23,28.678616666666585,28.678616666666585,9.402825136611995
Red Onion (Imp),Retail,Pettah,2026-01-01,1.5460166666666737,1.5460166666666737,0.4417190476190496
Red Onion (Imp),Retail,Pettah,2026-01-02,2.150533333333499,2.150533333333499,0.6144380952381425
Red Onion (Imp),Retail,Pettah,2026-01-03,2.483816666666769,2.483816666666769,0.709661904761934
Red Onion (Imp),Retail,Pettah,2026-01-04,1.5159499999999753,1.5159499999999753,0.43312857142856437
Red Onion (Imp),Retail,Pettah,2026-01-05,0.6492499999999382,0.6492499999999382,0.18549999999998235
Red Onion (Imp),Retail,Pettah,2026-01-06,0.9601333333333173,0.9601333333333173,0.274323809523805
Red Onion (Imp),Retail,Pettah,2026-01-07,1.3754666666666253,1.3754666666666253,0.3929904761904644
Red Onion (Imp),Retail,Pettah,2026-01-08,0.9828666666667232,0.9828666666667232,0.28081904761906373
Red Onion (Imp),Retail,Pettah,2026-01-09,0.6836666666667384,0.6836666666667384,0.19533333333335381
Red Onion (Imp),Retail,Pettah,2026-01-10,1.6182833333334088,1.6182833333334088,0.46236666666668824
Red Onion (Imp),Retail,Pettah,2026-01-11,1.5074499999999489,1.5074499999999489,0.43069999999998543
Red Onion (Imp),Retail,Pettah,2026-01-12,1.5564999999999145,1.5564999999999145,0.4447142857142613
Red Onion (Imp),Retail,Pettah,2026-01-13,1.1438333333333048,1.1438333333333048,0.32680952380951567
Red Onion (Imp),Retail,Pettah,2026-01-14,2.3573499999999967,2.3573499999999967,0.6735285714285705
Red Onion (Imp),Retail,Pettah,2026-01-15,2.3265166666666346,2.3265166666666346,0.6647190476190384
Red Onion (Imp),Retail,Pettah,2026-01-16,2.334533333333411,2.334533333333411,0.667009523809546
Red Onion (Imp),Retail,Pettah,2026-01-17,1.4706000000000472,1.4706000000000472,0.4201714285714421
Red Onion (Imp),Retail,Pettah,2026-01-18,1.0831166666666263,1.0831166666666263,0.3094619047618932
Red Onion (Imp),Retail,Pettah,2026-01-19,0.7359166666666965,0.7359166666666965,0.2102619047619133
Red Onion (Imp),Retail,Pettah,2026-01-20,1.6217333333334523,1.6217333333334523,0.46335238095241493
Red Onion (Imp),Retail,Pettah,2026-01-21,3.073083333333443,3.073083333333443,0.8780238095238408
Red Onion (Imp),Retail,Pettah,2026-01-22,2.9454666666666753,2.9454666666666753,0.8415619047619073
Red Onion (Imp),Retail,Pettah,2026-01-23,2.0657833333334565,2.0657833333334565,0.5902238095238447
Red Onion (Imp),Wholesale,Dambulla,2026-01-01,0.12473333333326764,0.12473333333326764,0.037233830845751534
Red Onion (Imp),Wholesale,Dambulla,2026-01-02,24.06704999999988,24.06704999999988,7.763564516128994
Red Onion (Imp),Wholesale,Dambulla,2026-01-03,7.496233333333407,7.496233333333407,2.379756613756637
Red Onion (Imp),Wholesale,Dambulla,2026-01-04,13.314099999999826,13.314099999999826,4.1606562499999455
Red Onion (Imp),Wholesale,Dambulla,2026-01-05,6.052783333333593,6.052783333333593,1.8623948717949517
Red Onion (Imp),Wholesale,Dambulla,2026-01-06,40.622316666666904,40.622316666666904,11.129401826484084
Red Onion (Imp),Wholesale,Dambulla,2026-01-07,32.9673499999999,32.9673499999999,10.465825396825364
Red Onion (Imp),Wholesale,Dambulla,2026-01-08,15.296499999999753,15.296499999999753,4.934354838709598
Red Onion (Imp),Wholesale,Dambulla,2026-01-09,14.98568333333327,14.98568333333327,5.07989265536721
Red Onion (Imp),Wholesale,Dambulla,2026-01-10,15.354966666666712,15.354966666666712,5.325483531601537
Red Onion (Imp),Wholesale,Dambulla,2026-01-11,13.976733333333414,13.976733333333414,4.962095123134666
Red Onion (Imp),Wholesale,Dambulla,2026-01-12,12.877883333333386,12.877883333333386,4.682866666666686
Red Onion (Imp),Wholesale,Dambulla,2026-01-13,13.07994999999994,13.07994999999994,4.359983333333313
Red Onion (Imp),Wholesale,Dambulla,2026-01-14,24.85030000000023,24.85030000000023,9.03647272727281
Red Onion (Imp),Wholesale,Dambulla,2026-01-15,5.509899999999675,5.509899999999675,1.899965517241267
Red Onion (Imp),Wholesale,Dambulla,2026-01-16,14.624299999999891,14.624299999999891,4.794852459016358
Red Onion (Imp),Wholesale,Dambulla,2026-01-17,3.304166666666788,3.304166666666788,1.0952917647319216
Red Onion (Imp),Wholesale,Dambulla,2026-01-18,8.059300000000007,8.059300000000007,2.701471524821509
Red Onion (Imp),Wholesale,Dambulla,2026-01-19,7.5835999999997625,7.5835999999997625,2.5707118644066993
Red Onion (Imp),Wholesale,Dambulla,2026-01-20,15.227666666666494,15.227666666666494,4.834179894179839
Red Onion (Imp),Wholesale,Dambulla,2026-01-21,23.080033333333517,23.080033333333517,8.013900462963026
Red Onion (Imp),Wholesale,Dambulla,2026-01-22,59.60733333333326,59.60733333333326,24.83638888888886
Red Onion (Imp),Wholesale,Dambulla,2026-01-23,22.257966666666448,22.257966666666448,7.809812865496999
Red Onion (Imp),Wholesale,Pettah,2026-01-01,5.309183333333294,5.309183333333294,1.7997231638417945
Red Onion (Imp),Wholesale,Pettah,2026-01-02,1.4848666666667327,1.4848666666667327,0.5033446327683839
Red Onion (Imp),Wholesale,Pettah,2026-01-03,4.40901666666673,4.40901666666673,1.49966553287984
Red Onion (Imp),Wholesale,Pettah,2026-01-04,4.145800000000065,4.145800000000065,1.414948805460773
Red Onion (Imp),Wholesale,Pettah,2026-01-05,4.40946666666656,4.40946666666656,1.5100913242008769
Red Onion (Imp),Wholesale,Pettah,2026-01-06,0.10144999999988613,0.10144999999988613,0.03438983050843598
Red Onion (Imp),Wholesale,Pettah,2026-01-07,8.337599999999952,8.337599999999952,2.875034482758604
Red Onion (Imp),Wholesale,Pettah,2026-01-08,9.07505000000009,9.07505000000009,3.151059027777809
Red Onion (Imp),Wholesale,Pettah,2026-01-09,15.893766666666579,15.893766666666579,5.7171822541966115
Red Onion (Imp),Wholesale,Pettah,2026-01-10,4.348666666666588,4.348666666666588,1.5699157641395627
Red Onion (Imp),Wholesale,Pettah,2026-01-11,4.088616666666667,4.088616666666667,1.481382850241546
Red Onion (Imp),Wholesale,Pettah,2026-01-12,3.4908833333331586,3.4908833333331586,1.2694121212120577
Red Onion (Imp),Wholesale,Pettah,2026-01-13,3.615516666666622,3.615516666666622,1.314733333333317
Red Onion (Imp),Wholesale,Pettah,2026-01-14,3.9295333333333815,3.9295333333333815,1.4289212121212296
Red Onion (Imp),Wholesale,Pettah,2026-01-15,1.8415000000000532,1.8415000000000532,0.6541740674955784
Red Onion (Imp),Wholesale,Pettah,2026-01-16,2.6180666666667207,2.6180666666667207,0.9090509259259447
Red Onion (Imp),Wholesale,Pettah,2026-01-17,5.430683333333093,5.430683333333093,1.8856539351851016
Red Onion (Imp),Wholesale,Pettah,2026-01-18,6.540599999999927,6.540599999999927,2.2710416666666413
Red Onion (Imp),Wholesale,Pettah,2026-01-19,6.820416666666574,6.820416666666574,2.3682002314814494
Red Onion (Imp),Wholesale,Pettah,2026-01-20,6.819116666666616,6.819116666666616,2.367748842592575
Red Onion (Imp),Wholesale,Pettah,2026-01-21,3.656983333333244,3.656983333333244,1.261028735632153
Red Onion (Imp),Wholesale,Pettah,2026-01-22,4.591816666666546,4.591816666666546,1.5833850574712225
Red Onion (Imp),Wholesale,Pettah,2026-01-23,1.3616666666667356,1.3616666666667356,0.4615819209039782
Red Onion (Local),Retail,Dambulla,2026-01-01,13.939700000000016,13.939700000000016,5.6896734693877615
Red Onion (Local),Retail,Dambulla,2026-01-02,16.18758333333315,16.18758333333315,6.22599358974352
Red Onion (Local),Retail,Dambulla,2026-01-03,1.3372666666669488,1.3372666666669488,0.5218601626017361
Red Onion (Local),Retail,Dambulla,2026-01-04,9.426166666666859,9.426166666666859,3.733135313531429
Red Onion (Local),Retail,Dambulla,2026-01-05,5.555616666666879,5.555616666666879,2.233413735343469
Red Onion (Local),Retail,Dambulla,2026-01-06,9.812350000000094,9.812350000000094,4.005040816326569
Red Onion (Local),Retail,Dambulla,2026-01-07,14.68528333333333,14.68528333333333,6.183277192982455
Red Onion (Local),Retail,Dambulla,2026-01-08,15.812983333333278,15.812983333333278,6.875210144927513
Red Onion (Local),Retail,Dambulla,2026-01-09,11.239566666666548,11.239566666666548,4.407673202614332
Red Onion (Local),Retail,Dambulla,2026-01-10,9.097999999999985,9.097999999999985,3.738955328155174
Red Onion (Local),Retail,Dambulla,2026-01-11,19.140466666666697,19.140466666666697,8.261953065423533
Red Onion (Local),Retail,Dambulla,2026-01-12,17.417383333333305,17.417383333333305,7.9169924242424115
Red Onion (Local),Retail,Dambulla,2026-01-13,5.923700000000139,5.923700000000139,2.575521739130495
Red Onion (Local),Retail,Dambulla,2026-01-14,22.065350000000052,22.065350000000052,10.262953488372117
Red Onion (Local),Retail,Dambulla,2026-01-15,51.395183333333364,51.395183333333364,29.368676190476208
Red Onion (Local),Retail,Dambulla,2026-01-16,63.722716666666855,63.722716666666855,47.20201234567915
Red Onion (Local),Retail,Dambulla,2026-01-17,27.932633333333456,27.932633333333456,18.621755555555637
Red Onion (Local),Retail,Dambulla,2026-01-18,4.909149999999954,4.909149999999954,2.9752424242423965
Red Onion (Local),Retail,Dambulla,2026-01-19,7.618433333333144,7.618433333333144,4.232462962962858
Red Onion (Local),Retail,Dambulla,2026-01-20,10.80705000000006,10.80705000000006,5.542076923076954
Red Onion (Local),Retail,Dambulla,2026-01-21,3.3464833333333104,3.3464833333333104,1.7161452991452875
Red Onion (Local),Retail,Dambulla,2026-01-22,96.30983333333342,96.30983333333342,32.64740112994353
Red Onion (Local),Retail,Dambulla,2026-01-23,44.51761666666664,44.51761666666664,21.984008230452663
Red Onion (Local),Retail,Pettah,2026-01-01,0.13406666666668343,0.13406666666668343,0.043481551151909784
Red Onion (Local),Retail,Pettah,2026-01-02,1.2071666666666374,1.2071666666666374,0.39303466388833674
Red Onion (Local),Retail,Pettah,2026-01-03,1.8998333333332198,1.8998333333332198,0.6209620308328877
Red Onion (Local),Retail,Pettah,2026-01-04,0.9263499999999567,0.9263499999999567,0.3039604935030702
Red Onion (Local),Retail,Pettah,2026-01-05,1.7799000000001115,1.7799000000001115,0.5863227591659623
Red Onion (Local),Retail,Pettah,2026-01-06,3.4491500000000883,3.4491500000000883,1.140667372180729
Red Onion (Local),Retail,Pettah,2026-01-07,1.703266666666707,1.703266666666707,0.5655123565412885
Red Onion (Local),Retail,Pettah,2026-01-08,1.2675333333334038,1.2675333333334038,0.4225111111111346
Red Onion (Local),Retail,Pettah,2026-01-09,15.721983333333242,15.721983333333242,5.510491512156336
Red Onion (Local),Retail,Pettah,2026-01-10,19.287066666666647,19.287066666666647,7.126992338580536
Red Onion (Local),Retail,Pettah,2026-01-11,13.507066666666617,13.507066666666617,5.277434815451519
Red Onion (Local),Retail,Pettah,2026-01-12,22.14016666666663,22.14016666666663,9.177271157167514
Red Onion (Local),Retail,Pettah,2026-01-13,26.181083333333504,26.181083333333504,11.555916019303277
Red Onion (Local),Retail,Pettah,2026-01-14,29.29853333333341,29.29853333333341,13.827890000629322
Red Onion (Local),Retail,Pettah,2026-01-15,22.9659166666668,22.9659166666668,11.646592964484407
Red Onion (Local),Retail,Pettah,2026-01-16,28.383350000000178,28.383350000000178,15.552520547945303
Red Onion (Local),Retail,Pettah,2026-01-17,25.785033333333473,25.785033333333473,15.365611902349963
Red Onion (Local),Retail,Pettah,2026-01-18,15.968650000000025,15.968650000000025,10.428846656217363
Red Onion (Local),Retail,Pettah,2026-01-19,28.137083333333436,28.137083333333436,20.324388423384455
Red Onion (Local),Retail,Pettah,2026-01-20,31.57788333333326,31.57788333333326,25.517481481481425
Red Onion (Local),Retail,Pettah,2026-01-21,28.339933333333363,28.339933333333363,25.985634818754228
Red Onion (Local),Retail,Pettah,2026-01-22,32.927333333333394,32.927333333333394,34.888041251677684
Red Onion (Local),Retail,Pettah,2026-01-23,38.42071666666672,38.42071666666672,48.21272012381318
Red Onion (Local),Wholesale,Dambulla,2026-01-01,11.720699999999937,11.720699999999937,5.2091999999999725
Red Onion (Local),Wholesale,Dambulla,2026-01-02,12.922766666666632,12.922766666666632,5.384486111111097
Red Onion (Local),Wholesale,Dambulla,2026-01-03,2.8785666666667566,2.8785666666667566,1.218440917107622
Red Onion (Local),Wholesale,Dambulla,2026-01-04,10.125516666666783,10.125516666666783,4.355060931899692
Red Onion (Local),Wholesale,Dambulla,2026-01-05,6.070583333333531,6.070583333333531,2.6538069216758604
Red Onion (Local),Wholesale,Dambulla,2026-01-06,9.068133333333463,9.068133333333463,4.0302814814815395
Red Onion (Local),Wholesale,Dambulla,2026-01-07,16.312516666666795,16.312516666666795,7.500007662835308
Red Onion (Local),Wholesale,Dambulla,2026-01-08,18.96780000000018,18.96780000000018,9.0322857142858
Red Onion (Local),Wholesale,Dambulla,2026-01-09,20.125949999999932,20.125949999999932,8.564234042553162
Red Onion (Local),Wholesale,Dambulla,2026-01-10,10.26638333333338,10.26638333333338,4.59695667099511
Red Onion (Local),Wholesale,Dambulla,2026-01-11,23.73393333333351,23.73393333333351,11.212705311727458
Red Onion (Local),Wholesale,Dambulla,2026-01-12,15.092333333333414,15.092333333333414,7.546166666666706
Red Onion (Local),Wholesale,Dambulla,2026-01-13,1.6653499999999326,1.6653499999999326,0.7930238095237775
Red Onion (Local),Wholesale,Dambulla,2026-01-14,17.388983333333243,17.388983333333243,8.917427350427303
Red Onion (Local),Wholesale,Dambulla,2026-01-15,49.44525000000013,49.44525000000013,31.900161290322664
Red Onion (Local),Wholesale,Dambulla,2026-01-16,65.98438333333343,65.98438333333343,57.37772463768124
Red Onion (Local),Wholesale,Dambulla,2026-01-17,19.53191666666683,19.53191666666683,15.024551282051407
Red Onion (Local),Wholesale,Dambulla,2026-01-18,4.514933333333289,4.514933333333289,3.113747126436751
Red Onion (Local),Wholesale,Dambulla,2026-01-19,11.174083333333272,11.174083333333272,6.983802083333295
Red Onion (Local),Wholesale,Dambulla,2026-01-20,10.89829999999975,10.89829999999975,6.227599999999858
Red Onion (Local),Wholesale,Dambulla,2026-01-21,1.9615333333332785,1.9615333333332785,1.120876190476159
Red Onion (Local),Wholesale,Dambulla,2026-01-22,98.61458333333317,98.61458333333317,35.85984848484843
Red Onion (Local),Wholesale,Dambulla,2026-01-23,33.70560000000026,33.70560000000026,18.468821917808363
Red Onion (Local),Wholesale,Pettah,2026-01-01,4.19539999999995,4.19539999999995,1.3205955491201955
Red Onion (Local),Wholesale,Pettah,2026-01-02,3.0210333333334916,3.0210333333334916,0.9673187964949863
Red Onion (Local),Wholesale,Pettah,2026-01-03,0.5903666666667391,0.5903666666667391,0.1923519701116705
Red Onion (Local),Wholesale,Pettah,2026-01-04,1.8846499999997945,1.8846499999997945,0.6250082907739585
Red Onion (Local),Wholesale,Pettah,2026-01-05,4.402616666666461,4.402616666666461,1.4866171422138987
Red Onion (Local),Wholesale,Pettah,2026-01-06,7.014366666666547,7.014366666666547,2.412341942657959
Red Onion (Local),Wholesale,Pettah,2026-01-07,8.434799999999825,8.434799999999825,2.955638096572929
Red Onion (Local),Wholesale,Pettah,2026-01-08,12.006166666666672,12.006166666666672,4.2879166666666695
Red Onion (Local),Wholesale,Pettah,2026-01-09,2.073566666666693,2.073566666666693,0.7405595238095332
Red Onion (Local),Wholesale,Pettah,2026-01-10,3.9378666666667073,3.9378666666667073,1.406380952380967
Red Onion (Local),Wholesale,Pettah,2026-01-11,5.030666666666548,5.030666666666548,1.7966666666666242
Red Onion (Local),Wholesale,Pettah,2026-01-12,2.729766666666592,2.729766666666592,0.9749166666666399
Red Onion (Local),Wholesale,Pettah,2026-01-13,1.165166666666721,1.165166666666721,0.4161309523809718
Red Onion (Local),Wholesale,Pettah,2026-01-14,1.6166166666666868,1.6166166666666868,0.5773630952381024
Red Onion (Local),Wholesale,Pettah,2026-01-15,1.8265500000000543,1.8265500000000543,0.6523392857143051
Red Onion (Local),Wholesale,Pettah,2026-01-16,1.1846333333334655,1.1846333333334655,0.42308333333338055
Red Onion (Local),Wholesale,Pettah,2026-01-17,1.1302333333334218,1.1302333333334218,0.4036547619047935
Red Onion (Local),Wholesale,Pettah,2026-01-18,0.8044333333334635,0.8044333333334635,0.2872976190476655
Red Onion (Local),Wholesale,Pettah,2026-01-19,0.9771333333332564,0.9771333333332564,0.34897619047616296
Red Onion (Local),Wholesale,Pettah,2026-01-20,2.859749999999849,2.859749999999849,1.0213392857142316
Red Onion (Local),Wholesale,Pettah,2026-01-21,2.2702499999998054,2.2702499999998054,0.810803571428502
Red Onion (Local),Wholesale,Pettah,2026-01-22,2.6940999999999917,2.6940999999999917,0.9621785714285686
Red Onion (Local),Wholesale,Pettah,2026-01-23,0.7318499999998949,0.7318499999998949,0.26137499999996244
