Item,Type,Market,Date,mean_RMSE,mean_MAE,mean_MAPE
Beans,Retail,Dambulla,2026-01-01,151.61283333333347,151.61283333333347,23.146997455470757
Beans,Retail,Dambulla,2026-01-02,112.64208333333363,112.64208333333363,16.565012254902005
Beans,Retail,Dambulla,2026-01-03,139.66699999999992,139.66699999999992,22.466421091575906
Beans,Retail,Dambulla,2026-01-04,144.04584999999997,144.04584999999997,25.570420535032746
Beans,Retail,Dambulla,2026-01-05,128.8895,128.8895,25.522673267326734
Beans,Retail,Dambulla,2026-01-06,134.1631666666666,134.1631666666666,30.149026217228446
Beans,Retail,Dambulla,2026-01-07,80.68215000000032,80.68215000000032,13.335892561983522
Beans,Retail,Dambulla,2026-01-08,79.55668333333347,79.55668333333347,16.574309027777804
Beans,Retail,Dambulla,2026-01-09,228.44001666666668,228.44001666666668,69.22424747474749
Beans,Retail,Dambulla,2026-01-10,116.27781666666664,116.27781666666664,30.599425438596484
Beans,Retail,Dambulla,2026-01-11,0.4792666666667742,0.4792666666667742,0.11145736434111028
Beans,Retail,Dambulla,2026-01-12,37.6604833333335,37.6604833333335,7.845934027777814
Beans,Retail,Dambulla,2026-01-13,18.41978333333344,18.41978333333344,4.048304029304053
Beans,Retail,Dambulla,2026-01-14,39.896866666666654,39.896866666666654,9.278341085271315
Beans,Retail,Dambulla,2026-01-15,24.366716666666775,24.366716666666775,5.836339321357312
Beans,Retail,Dambulla,2026-01-16,21.62773333333331,21.62773333333331,5.340181069958843
Beans,Retail,Dambulla,2026-01-17,18.332016666666732,18.332016666666732,4.263259689922496
Beans,Retail,Dambulla,2026-01-18,26.761516666666523,26.761516666666523,5.881652014651983
Beans,Retail,Dambulla,2026-01-19,20.96181666666655,20.96181666666655,4.367045138888865
Beans,Retail,Dambulla,2026-01-20,2.0741499999999746,2.0741499999999746,0.43211458333332803
Beans,Retail,Dambulla,2026-01-21,76.90380000000005,76.90380000000005,18.988592592592603
Beans,Retail,Dambulla,2026-01-22,43.33203333333324,43.33203333333324,11.25507359307357
Beans,Retail,Dambulla,2026-01-23,12.902549999999962,12.902549999999962,3.0720357142857053
Beans,Retail,Pettah,2026-01-01,387.3973333333332,387.3973333333332,64.56622222222221
Beans,Retail,Pettah,2026-01-02,364.3800000000002,364.3800000000002,72.87600000000005
Beans,Retail,Pettah,2026-01-03,203.16925000000015,203.16925000000015,35.85318615772851
Beans,Retail,Pettah,2026-01-04,69.76166666666643,69.76166666666643,11.015057973989299
Beans,Retail,Pettah,2026-01-05,1.5887499999998909,1.5887499999998909,0.2269642857142701
Beans,Retail,Pettah,2026-01-06,76.20999999999935,76.20999999999935,9.52624999999992
Beans,Retail,Pettah,2026-01-07,55.36900000000037,55.36900000000037,7.909857142857196
Beans,Retail,Pettah,2026-01-08,220.05874999999992,220.05874999999992,44.011749999999985
Beans,Retail,Pettah,2026-01-09,153.75791666666657,153.75791666666657,30.751583333333315
Beans,Retail,Pettah,2026-01-10,67.32041666666635,67.32041666666635,12.622657016606292
Beans,Retail,Pettah,2026-01-11,11.778566666666961,11.778566666666961,2.0785583614214556
Beans,Retail,Pettah,2026-01-12,11.39425000000017,11.39425000000017,1.899041666666695
Beans,Retail,Pettah,2026-01-13,30.731999999999857,30.731999999999857,4.7279999999999784
Beans,Retail,Pettah,2026-01-14,11.752333333333468,11.752333333333468,1.8080512820513026
Beans,Retail,Pettah,2026-01-15,4.7880833333332475,4.7880833333332475,0.7366282051281919
Beans,Retail,Pettah,2026-01-16,8.042500000000246,8.042500000000246,1.23730769230773
Beans,Retail,Pettah,2026-01-17,11.694333333333589,11.694333333333589,1.7541412292938918
Beans,Retail,Pettah,2026-01-18,2.8280833333334385,2.8280833333334385,0.41386787252622287
Beans,Retail,Pettah,2026-01-19,12.173916666666628,12.173916666666628,1.7391309523809468
Beans,Retail,Pettah,2026-01-20,244.36500000000012,244.36500000000012,54.303333333333356
Beans,Retail,Pettah,2026-01-21,57.784249999999815,57.784249999999815,11.556849999999963
Beans,Retail,Pettah,2026-01-22,72.21960000000001,72.21960000000001,16.048800000000004
Beans,Retail,Pettah,2026-01-23,25.543816666666544,25.543816666666544,5.676403703703676
Beans,Wholesale,Dambulla,2026-01-01,161.22008333333326,161.22008333333326,25.795213333333322
Beans,Wholesale,Dambulla,2026-01-02,124.17025000000035,124.17025000000035,19.10311538461544
Beans,Wholesale,Dambulla,2026-01-03,151.07716666666715,151.07716666666715,25.534025160421713
Beans,Wholesale,Dambulla,2026-01-04,128.74916666666684,128.74916666666684,24.140619628872713
Beans,Wholesale,Dambulla,2026-01-05,129.92949999999985,129.92949999999985,27.35357894736839
Beans,Wholesale,Dambulla,2026-01-06,130.09141666666676,130.09141666666676,31.3473293172691
Beans,Wholesale,Dambulla,2026-01-07,78.08875000000023,78.08875000000023,13.580652173913082
Beans,Wholesale,Dambulla,2026-01-08,80.29226666666659,80.29226666666659,17.842725925925908
Beans,Wholesale,Dambulla,2026-01-09,234.73141666666663,234.73141666666663,78.24380555555554
Beans,Wholesale,Dambulla,2026-01-10,95.39623333333321,95.39623333333321,27.256066666666634
Beans,Wholesale,Dambulla,2026-01-11,2.9966833333331806,2.9966833333331806,0.7491708333332951
Beans,Wholesale,Dambulla,2026-01-12,39.48948333333368,39.48948333333368,8.775440740740818
Beans,Wholesale,Dambulla,2026-01-13,12.493716666666785,12.493716666666785,2.939698039215714
Beans,Wholesale,Dambulla,2026-01-14,26.212050000000147,26.212050000000147,6.553012500000037
Beans,Wholesale,Dambulla,2026-01-15,16.68279999999993,16.68279999999993,4.305238709677401
Beans,Wholesale,Dambulla,2026-01-16,20.810966666666275,20.810966666666275,5.549591111111007
Beans,Wholesale,Dambulla,2026-01-17,21.041000000000167,21.041000000000167,5.260250000000042
Beans,Wholesale,Dambulla,2026-01-18,38.660716666666644,38.660716666666644,9.09663921568627
Beans,Wholesale,Dambulla,2026-01-19,45.84818333333345,45.84818333333345,10.188485185185211
Beans,Wholesale,Dambulla,2026-01-20,9.143083333333323,9.143083333333323,2.031796296296294
Beans,Wholesale,Dambulla,2026-01-21,75.99690000000004,75.99690000000004,20.26584000000001
Beans,Wholesale,Dambulla,2026-01-22,43.19258333333323,43.19258333333323,12.166924882629079
Beans,Wholesale,Dambulla,2026-01-23,18.50794999999988,18.50794999999988,4.745628205128175
Beans,Wholesale,Pettah,2026-01-01,375.94666666666706,375.94666666666706,75.18933333333341
Beans,Wholesale,Pettah,2026-01-02,384.8061666666671,384.8061666666671,96.20154166666677
Beans,Wholesale,Pettah,2026-01-03,222.51066666666685,222.51066666666685,47.68051656773884
Beans,Wholesale,Pettah,2026-01-04,90.7852499999999,90.7852499999999,17.02234076462976
Beans,Wholesale,Pettah,2026-01-05,10.800250000000005,10.800250000000005,1.8000416666666674
Beans,Wholesale,Pettah,2026-01-06,71.37991666666653,71.37991666666653,10.197130952380933
Beans,Wholesale,Pettah,2026-01-07,78.68316666666647,78.68316666666647,13.113861111111078
Beans,Wholesale,Pettah,2026-01-08,261.99176666666676,261.99176666666676,65.49794166666669
Beans,Wholesale,Pettah,2026-01-09,170.68611666666698,170.68611666666698,42.671529166666744
Beans,Wholesale,Pettah,2026-01-10,90.24828333333329,90.24828333333329,20.82668712836252
Beans,Wholesale,Pettah,2026-01-11,12.198833333333369,12.198833333333369,2.614017042735416
Beans,Wholesale,Pettah,2026-01-12,19.57889999999992,19.57889999999992,3.915779999999984
Beans,Wholesale,Pettah,2026-01-13,53.767383333333214,53.767383333333214,9.775887878787858
Beans,Wholesale,Pettah,2026-01-14,16.472200000000043,16.472200000000043,2.994945454545462
Beans,Wholesale,Pettah,2026-01-15,21.893766666666693,21.893766666666693,3.8076115942029034
Beans,Wholesale,Pettah,2026-01-16,25.63938333333317,25.63938333333317,4.2732305555555286
Beans,Wholesale,Pettah,2026-01-17,7.703600000000279,7.703600000000279,1.2492256798612351
Beans,Wholesale,Pettah,2026-01-18,9.379116666666619,9.379116666666619,1.4809209522155304
Beans,Wholesale,Pettah,2026-01-19,11.924166666666792,11.924166666666792,1.834487179487199
Beans,Wholesale,Pettah,2026-01-20,269.2756166666667,269.2756166666667,67.31890416666667
Beans,Wholesale,Pettah,2026-01-21,66.14446666666663,66.14446666666663,14.698770370370362
Beans,Wholesale,Pettah,2026-01-22,73.11443333333324,73.11443333333324,18.27860833333331
Beans,Wholesale,Pettah,2026-01-23,30.589166666666983,30.589166666666983,7.647291666666746
Big Onion (Imp),Retail,Dambulla,2026-01-01,8.901283333333197,8.901283333333197,4.238706349206285
Big Onion (Imp),Retail,Dambulla,2026-01-02,45.54898333333338,45.54898333333338,27.605444444444473
Big Onion (Imp),Retail,Dambulla,2026-01-03,19.091550000000154,19.091550000000154,11.341739440385048
Big Onion (Imp),Retail,Dambulla,2026-01-04,3.6627500000000737,3.6627500000000737,2.133599347585527
Big Onion (Imp),Retail,Dambulla,2026-01-05,5.202133333333364,5.202133333333364,2.972647619047637
Big Onion (Imp),Retail,Dambulla,2026-01-06,4.997066666666939,4.997066666666939,2.8073408239701902
Big Onion (Imp),Retail,Dambulla,2026-01-07,27.653149999999897,27.653149999999897,13.168166666666616
Big Onion (Imp),Retail,Dambulla,2026-01-08,27.12396666666683,27.12396666666683,15.499409523809618
Big Onion (Imp),Retail,Dambulla,2026-01-09,44.40731666666653,44.40731666666653,30.625735632183815
Big Onion (Imp),Retail,Dambulla,2026-01-10,22.15231666666682,22.15231666666682,14.768211111111212
Big Onion (Imp),Retail,Dambulla,2026-01-11,7.372800000000041,7.372800000000041,4.756645161290349
Big Onion (Imp),Retail,Dambulla,2026-01-12,2.3649833333333277,2.3649833333333277,1.4781145833333298
Big Onion (Imp),Retail,Dambulla,2026-01-13,9.717783333333244,9.717783333333244,5.553019047618997
Big Onion (Imp),Retail,Dambulla,2026-01-14,5.460833333333397,5.460833333333397,3.2122549019608218
Big Onion (Imp),Retail,Dambulla,2026-01-15,5.298450000000088,5.298450000000088,3.1351775147929515
Big Onion (Imp),Retail,Dambulla,2026-01-16,3.7564333333334616,3.7564333333334616,2.2359722222222986
Big Onion (Imp),Retail,Dambulla,2026-01-17,10.051033333333436,10.051033333333436,6.141035824117698
Big Onion (Imp),Retail,Dambulla,2026-01-18,7.531333333333492,7.531333333333492,4.726877131320839
Big Onion (Imp),Retail,Dambulla,2026-01-19,8.91498333333351,8.91498333333351,5.751602150537749
Big Onion (Imp),Retail,Dambulla,2026-01-20,13.522866666666573,13.522866666666573,7.727352380952328
Big Onion (Imp),Retail,Dambulla,2026-01-21,19.372750000000025,19.372750000000025,12.49854838709679
Big Onion (Imp),Retail,Dambulla,2026-01-22,4.903149999999982,4.903149999999982,2.884205882352931
Big Onion (Imp),Retail,Dambulla,2026-01-23,48.628616666666716,48.628616666666716,38.902893333333374
Big Onion (Imp),Retail,Pettah,2026-01-01,5.088016666666817,5.088016666666817,2.120006944444507
Big Onion (Imp),Retail,Pettah,2026-01-02,6.989133333333484,6.989133333333484,2.912138888888952
Big Onion (Imp),Retail,Pettah,2026-01-03,23.038916666666722,23.038916666666722,10.164078469434298
Big Onion (Imp),Retail,Pettah,2026-01-04,29.386116666666737,29.386116666666737,13.774957421209738
Big Onion (Imp),Retail,Pettah,2026-01-05,26.45655000000022,26.45655000000022,13.228275000000112
Big Onion (Imp),Retail,Pettah,2026-01-06,14.764683333333494,14.764683333333494,7.382341666666747
Big Onion (Imp),Retail,Pettah,2026-01-07,11.791466666666736,11.791466666666736,5.895733333333368
Big Onion (Imp),Retail,Pettah,2026-01-08,10.803533333333291,10.803533333333291,4.91069696969695
Big Onion (Imp),Retail,Pettah,2026-01-09,34.38075000000006,34.38075000000006,18.095131578947402
Big Onion (Imp),Retail,Pettah,2026-01-10,28.105416666666514,28.105416666666514,15.330506009200082
Big Onion (Imp),Retail,Pettah,2026-01-11,16.879500000000093,16.879500000000093,9.554253693326594
Big Onion (Imp),Retail,Pettah,2026-01-12,19.0479500000001,19.0479500000001,11.204676470588295
Big Onion (Imp),Retail,Pettah,2026-01-13,11.495633333333473,11.495633333333473,6.762137254902043
Big Onion (Imp),Retail,Pettah,2026-01-14,10.12151666666665,10.12151666666665,5.953833333333323
Big Onion (Imp),Retail,Pettah,2026-01-15,9.61096666666677,9.61096666666677,5.6535098039216285
Big Onion (Imp),Retail,Pettah,2026-01-16,8.933366666666672,8.933366666666672,5.254921568627454
Big Onion (Imp),Retail,Pettah,2026-01-17,7.8101999999999805,7.8101999999999805,4.594235294117635
Big Onion (Imp),Retail,Pettah,2026-01-18,6.256083333333521,6.256083333333521,3.6800490196079534
Big Onion (Imp),Retail,Pettah,2026-01-19,6.350875000000173,6.350875000000173,3.7358088235295135
Big Onion (Imp),Retail,Pettah,2026-01-20,5.4102833333333535,5.4102833333333535,3.1825196078431492
Big Onion (Imp),Retail,Pettah,2026-01-21,5.876716666666738,5.876716666666738,3.456892156862787
Big Onion (Imp),Retail,Pettah,2026-01-22,6.878933333333293,6.878933333333293,4.046431372548996
Big Onion (Imp),Retail,Pettah,2026-01-23,5.839533333333463,5.839533333333463,3.4350196078432136
Big Onion (Imp),Wholesale,Dambulla,2026-01-01,3.870783333333293,3.870783333333293,2.037254385964891
Big Onion (Imp),Wholesale,Dambulla,2026-01-02,44.22541666666669,44.22541666666669,30.500287356321852
Big Onion (Imp),Wholesale,Dambulla,2026-01-03,15.823783333333324,15.823783333333324,10.667958830535511
Big Onion (Imp),Wholesale,Dambulla,2026-01-04,5.213350000000048,5.213350000000048,3.437298081360881
Big Onion (Imp),Wholesale,Dambulla,2026-01-05,2.7236500000000206,2.7236500000000206,1.75719354838711
Big Onion (Imp),Wholesale,Dambulla,2026-01-06,2.5291000000000565,2.5291000000000565,1.6006962025316813
Big Onion (Imp),Wholesale,Dambulla,2026-01-07,28.67693333333321,28.67693333333321,15.093122807017478
Big Onion (Imp),Wholesale,Dambulla,2026-01-08,27.7359000000001,27.7359000000001,17.894129032258128
Big Onion (Imp),Wholesale,Dambulla,2026-01-09,41.56591666666682,41.56591666666682,33.25273333333346
Big Onion (Imp),Wholesale,Dambulla,2026-01-10,20.070316666666628,20.070316666666628,15.438705128205099
Big Onion (Imp),Wholesale,Dambulla,2026-01-11,6.971499999999935,6.971499999999935,5.164074074074025
Big Onion (Imp),Wholesale,Dambulla,2026-01-12,3.579333333333466,3.579333333333466,2.5566666666667612
Big Onion (Imp),Wholesale,Dambulla,2026-01-13,9.767949999999956,9.767949999999956,6.301903225806424
Big Onion (Imp),Wholesale,Dambulla,2026-01-14,6.620483333333425,6.620483333333425,4.413655555555616
Big Onion (Imp),Wholesale,Dambulla,2026-01-15,6.991966666666656,6.991966666666656,4.692595078299769
Big Onion (Imp),Wholesale,Dambulla,2026-01-16,9.74799999999999,9.74799999999999,6.58648648648648
Big Onion (Imp),Wholesale,Dambulla,2026-01-17,10.546383333333296,10.546383333333296,7.340699751745873
Big Onion (Imp),Wholesale,Dambulla,2026-01-18,9.674483333333342,9.674483333333342,6.943575205148454
Big Onion (Imp),Wholesale,Dambulla,2026-01-19,10.710533333333387,10.710533333333387,7.933728395061769
Big Onion (Imp),Wholesale,Dambulla,2026-01-20,11.057366666666582,11.057366666666582,7.133784946236505
Big Onion (Imp),Wholesale,Dambulla,2026-01-21,20.53586666666675,20.53586666666675,15.211753086419813
Big Onion (Imp),Wholesale,Dambulla,2026-01-22,3.099149999999952,3.099149999999952,2.066099999999968
Big Onion (Imp),Wholesale,Dambulla,2026-01-23,48.0093833333334,48.0093833333334,45.72322222222229
Big Onion (Imp),Wholesale,Pettah,2026-01-01,6.538850000000139,6.538850000000139,3.673511235955134
Big Onion (Imp),Wholesale,Pettah,2026-01-02,5.7939666666667335,5.7939666666667335,3.3108380952381333
Big Onion (Imp),Wholesale,Pettah,2026-01-03,8.546683333333306,8.546683333333306,5.047353294356172
Big Onion (Imp),Wholesale,Pettah,2026-01-04,11.473466666666639,11.473466666666639,7.010121993442072
Big Onion (Imp),Wholesale,Pettah,2026-01-05,10.537050000000136,10.537050000000136,6.669018987341858
Big Onion (Imp),Wholesale,Pettah,2026-01-06,19.83798333333334,19.83798333333334,13.77637731481482
Big Onion (Imp),Wholesale,Pettah,2026-01-07,5.246500000000083,5.246500000000083,3.497666666666722
Big Onion (Imp),Wholesale,Pettah,2026-01-08,9.441450000000032,9.441450000000032,6.466746575342487
Big Onion (Imp),Wholesale,Pettah,2026-01-09,13.626183333333358,13.626183333333358,9.732988095238113
Big Onion (Imp),Wholesale,Pettah,2026-01-10,8.255150000000043,8.255150000000043,5.953090069950273
Big Onion (Imp),Wholesale,Pettah,2026-01-11,8.208533333333321,8.208533333333321,5.977232457098464
Big Onion (Imp),Wholesale,Pettah,2026-01-12,9.556933333333319,9.556933333333319,7.0271568627450876
Big Onion (Imp),Wholesale,Pettah,2026-01-13,8.265916666666755,8.265916666666755,6.077879901960849
Big Onion (Imp),Wholesale,Pettah,2026-01-14,7.619916666666654,7.619916666666654,5.602879901960775
Big Onion (Imp),Wholesale,Pettah,2026-01-15,9.24698333333339,9.24698333333339,6.849617283950658
Big Onion (Imp),Wholesale,Pettah,2026-01-16,10.582200000000029,10.582200000000029,7.897164179104498
Big Onion (Imp),Wholesale,Pettah,2026-01-17,7.525033333333255,7.525033333333255,5.615696517412877
Big Onion (Imp),Wholesale,Pettah,2026-01-18,6.464566666666627,6.464566666666627,4.824303482587036
Big Onion (Imp),Wholesale,Pettah,2026-01-19,6.646766666666679,6.646766666666679,4.960273631840805
Big Onion (Imp),Wholesale,Pettah,2026-01-20,7.117083333333312,7.117083333333312,5.35119047619046
Big Onion (Imp),Wholesale,Pettah,2026-01-21,7.684499999999929,7.684499999999929,5.866030534351091
Big Onion (Imp),Wholesale,Pettah,2026-01-22,6.753533333333365,6.753533333333365,5.195025641025666
Big Onion (Imp),Wholesale,Pettah,2026-01-23,10.012599999999992,10.012599999999992,7.8839370078740085
Brinjal,Retail,Dambulla,2026-01-01,60.89438333333328,60.89438333333328,12.686329861111101
Brinjal,Retail,Dambulla,2026-01-02,39.32776666666655,39.32776666666655,8.193284722222199
Brinjal,Retail,Dambulla,2026-01-03,21.75336666666658,21.75336666666658,4.611988607854343
Brinjal,Retail,Dambulla,2026-01-04,14.320549999999969,14.320549999999969,3.090788422938288
Brinjal,Retail,Dambulla,2026-01-05,23.33538333333337,23.33538333333337,5.128655677655685
Brinjal,Retail,Dambulla,2026-01-06,110.68119999999999,110.68119999999999,31.177802816901405
Brinjal,Retail,Dambulla,2026-01-07,48.77570000000014,48.77570000000014,10.719934065934098
Brinjal,Retail,Dambulla,2026-01-08,94.82599999999996,94.82599999999996,28.735151515151504
Brinjal,Retail,Dambulla,2026-01-09,90.86198333333346,90.86198333333346,29.790814207650314
Brinjal,Retail,Dambulla,2026-01-10,20.08714999999995,20.08714999999995,6.24464513321104
Brinjal,Retail,Dambulla,2026-01-11,1.0002000000001772,1.0002000000001772,0.2956285283599377
Brinjal,Retail,Dambulla,2026-01-12,9.909966666666719,9.909966666666719,2.791539906103301
Brinjal,Retail,Dambulla,2026-01-13,44.75085000000013,44.75085000000013,14.672409836065617
Brinjal,Retail,Dambulla,2026-01-14,100.12048333333348,100.12048333333348,45.50931060606067
Brinjal,Retail,Dambulla,2026-01-15,47.641050000000064,47.641050000000064,21.65502272727276
Brinjal,Retail,Dambulla,2026-01-16,30.845033333333305,30.845033333333305,14.020469696969684
Brinjal,Retail,Dambulla,2026-01-17,17.504516666666632,17.504516666666632,7.956598484848469
Brinjal,Retail,Dambulla,2026-01-18,10.320433333333284,10.320433333333284,4.691106060606038
Brinjal,Retail,Dambulla,2026-01-19,7.484450000000038,7.484450000000038,3.4020227272727444
Brinjal,Retail,Dambulla,2026-01-20,25.841433333333413,25.841433333333413,12.920716666666706
Brinjal,Retail,Dambulla,2026-01-21,1.5893166666668321,1.5893166666668321,0.7752764227643084
Brinjal,Retail,Dambulla,2026-01-22,2.7445666666666284,2.7445666666666284,1.3069365079364899
Brinjal,Retail,Dambulla,2026-01-23,4.327949999999959,4.327949999999959,1.967249999999981
Brinjal,Retail,Pettah,2026-01-01,3.2782166666668218,3.2782166666668218,0.6556433333333643
Brinjal,Retail,Pettah,2026-01-02,104.84628333333313,104.84628333333313,26.21157083333328
Brinjal,Retail,Pettah,2026-01-03,52.61591666666658,52.61591666666658,12.627718978248154
Brinjal,Retail,Pettah,2026-01-04,5.641050000000007,5.641050000000007,1.301790783006025
Brinjal,Retail,Pettah,2026-01-05,1.10751666666647,1.10751666666647,0.2461148148147711
Brinjal,Retail,Pettah,2026-01-06,19.265516666666883,19.265516666666883,4.281225925925974
Brinjal,Retail,Pettah,2026-01-07,19.066983333333383,19.066983333333383,4.237107407407419
Brinjal,Retail,Pettah,2026-01-08,62.69266666666664,62.69266666666664,15.67316666666666
Brinjal,Retail,Pettah,2026-01-09,19.19208333333347,19.19208333333347,4.798020833333368
Brinjal,Retail,Pettah,2026-01-10,19.10708333333332,19.10708333333332,4.9844998652162165
Brinjal,Retail,Pettah,2026-01-11,22.139583333333405,22.139583333333405,6.038013290788284
Brinjal,Retail,Pettah,2026-01-12,19.080200000000048,19.080200000000048,5.451485714285728
Brinjal,Retail,Pettah,2026-01-13,38.57369999999992,38.57369999999992,9.64342499999998
Brinjal,Retail,Pettah,2026-01-14,18.08918333333338,18.08918333333338,4.522295833333345
Brinjal,Retail,Pettah,2026-01-15,14.674099999999896,14.674099999999896,3.9130933333333053
Brinjal,Retail,Pettah,2026-01-16,25.192583333333516,25.192583333333516,7.197880952381004
Brinjal,Retail,Pettah,2026-01-17,20.778466666666816,20.778466666666816,6.233602336023406
Brinjal,Retail,Pettah,2026-01-18,25.042766666666694,25.042766666666694,7.908158861485677
Brinjal,Retail,Pettah,2026-01-19,23.783933333333493,23.783933333333493,7.927977777777831
Brinjal,Retail,Pettah,2026-01-20,113.49501666666663,113.49501666666663,56.74750833333332
Brinjal,Retail,Pettah,2026-01-21,62.4322333333335,62.4322333333335,31.21611666666675
Brinjal,Retail,Pettah,2026-01-22,43.708399999999955,43.708399999999955,21.854199999999977
Brinjal,Retail,Pettah,2026-01-23,29.88518333333326,29.88518333333326,14.94259166666663
Brinjal,Wholesale,Dambulla,2026-01-01,63.45258333333311,63.45258333333311,14.100574074074023
Brinjal,Wholesale,Dambulla,2026-01-02,45.553133333333335,45.553133333333335,10.122918518518519
Brinjal,Wholesale,Dambulla,2026-01-03,22.997316666666677,22.997316666666677,5.206900325280566
Brinjal,Wholesale,Dambulla,2026-01-04,20.048583333333454,20.048583333333454,4.626631743321131
Brinjal,Wholesale,Dambulla,2026-01-05,25.20103333333327,25.20103333333327,5.929654901960769
Brinjal,Wholesale,Dambulla,2026-01-06,107.94650000000001,107.94650000000001,33.2143076923077
Brinjal,Wholesale,Dambulla,2026-01-07,41.20194999999973,41.20194999999973,9.69457647058817
Brinjal,Wholesale,Dambulla,2026-01-08,98.23243333333335,98.23243333333335,32.74414444444445
Brinjal,Wholesale,Dambulla,2026-01-09,81.33605000000017,81.33605000000017,29.576745454545517
Brinjal,Wholesale,Dambulla,2026-01-10,8.431166666666684,8.431166666666684,2.8906526782551114
Brinjal,Wholesale,Dambulla,2026-01-11,13.105483333333268,13.105483333333268,4.250472978086229
Brinjal,Wholesale,Dambulla,2026-01-12,22.235066666666512,22.235066666666512,6.841558974358927
Brinjal,Wholesale,Dambulla,2026-01-13,47.48005000000012,47.48005000000012,17.265472727272773
Brinjal,Wholesale,Dambulla,2026-01-14,105.29638333333344,105.29638333333344,55.41914912280708
Brinjal,Wholesale,Dambulla,2026-01-15,52.46681666666666,52.46681666666666,27.614114035087717
Brinjal,Wholesale,Dambulla,2026-01-16,30.333366666666706,30.333366666666706,15.964929824561425
Brinjal,Wholesale,Dambulla,2026-01-17,17.54794999999993,17.54794999999993,9.2357631578947
Brinjal,Wholesale,Dambulla,2026-01-18,11.078200000000066,11.078200000000066,5.830631578947403
Brinjal,Wholesale,Dambulla,2026-01-19,9.13078333333334,9.13078333333334,4.805675438596495
Brinjal,Wholesale,Dambulla,2026-01-20,24.850716666666727,24.850716666666727,14.618068627451017
Brinjal,Wholesale,Dambulla,2026-01-21,2.128816666666637,2.128816666666637,1.2164666666666497
Brinjal,Wholesale,Dambulla,2026-01-22,1.034366666666699,1.034366666666699,0.5746481481481661
Brinjal,Wholesale,Dambulla,2026-01-23,9.075933333333353,9.075933333333353,4.77680701754387
Brinjal,Wholesale,Pettah,2026-01-01,5.611400000000003,5.611400000000003,1.2469777777777784
Brinjal,Wholesale,Pettah,2026-01-02,107.06514999999996,107.06514999999996,30.590042857142848
Brinjal,Wholesale,Pettah,2026-01-03,62.52403333333331,62.52403333333331,17.051854074053864
Brinjal,Wholesale,Pettah,2026-01-04,6.910333333333483,6.910333333333483,1.8027113279246296
Brinjal,Wholesale,Pettah,2026-01-05,8.953066666666246,8.953066666666246,2.2382666666665614
Brinjal,Wholesale,Pettah,2026-01-06,11.599916666666388,11.599916666666388,2.899979166666597
Brinjal,Wholesale,Pettah,2026-01-07,6.183749999999861,6.183749999999861,1.5459374999999653
Brinjal,Wholesale,Pettah,2026-01-08,39.22261666666668,39.22261666666668,11.206461904761909
Brinjal,Wholesale,Pettah,2026-01-09,5.3878833333333205,5.3878833333333205,1.5393952380952345
Brinjal,Wholesale,Pettah,2026-01-10,4.730533333333483,4.730533333333483,1.4191741917419625
Brinjal,Wholesale,Pettah,2026-01-11,23.476900000000114,23.476900000000114,7.413679856001551
Brinjal,Wholesale,Pettah,2026-01-12,18.1043333333335,18.1043333333335,6.034777777777833
Brinjal,Wholesale,Pettah,2026-01-13,38.85995000000014,38.85995000000014,11.102842857142898
Brinjal,Wholesale,Pettah,2026-01-14,12.77795000000009,12.77795000000009,3.6508428571428824
Brinjal,Wholesale,Pettah,2026-01-15,19.583900000000085,19.583900000000085,6.02581538461541
Brinjal,Wholesale,Pettah,2026-01-16,32.48338333333356,32.48338333333356,10.827794444444521
Brinjal,Wholesale,Pettah,2026-01-17,38.72100000000006,38.72100000000006,14.520193497581301
Brinjal,Wholesale,Pettah,2026-01-18,40.727316666666724,40.727316666666724,17.45481364019488
Brinjal,Wholesale,Pettah,2026-01-19,54.68958333333333,54.68958333333333,27.34479166666667
Brinjal,Wholesale,Pettah,2026-01-20,83.00011666666668,83.00011666666668,55.33341111111112
Brinjal,Wholesale,Pettah,2026-01-21,54.39666666666676,54.39666666666676,36.26444444444451
Brinjal,Wholesale,Pettah,2026-01-22,34.26656666666679,34.26656666666679,22.84437777777786
Brinjal,Wholesale,Pettah,2026-01-23,20.83431666666678,20.83431666666678,13.889544444444521
Cabbage,Retail,Dambulla,2026-01-01,9.80155000000002,9.80155000000002,3.8437450980392236
Cabbage,Retail,Dambulla,2026-01-02,1.9152333333332763,1.9152333333332763,0.7093456790123245
Cabbage,Retail,Dambulla,2026-01-03,21.358433333333352,21.358433333333352,8.431071461466605
Cabbage,Retail,Dambulla,2026-01-04,24.68666666666681,24.68666666666681,10.430839002267636
Cabbage,Retail,Dambulla,2026-01-05,21.65445000000011,21.65445000000011,9.842931818181869
Cabbage,Retail,Dambulla,2026-01-06,8.559966666666668,8.559966666666668,3.566652777777778
Cabbage,Retail,Dambulla,2026-01-07,8.084566666666717,8.084566666666717,3.5931407407407634
Cabbage,Retail,Dambulla,2026-01-08,5.842250000000121,5.842250000000121,2.6555681818182366
Cabbage,Retail,Dambulla,2026-01-09,16.84931666666685,16.84931666666685,8.219178861788707
Cabbage,Retail,Dambulla,2026-01-10,0.27613333333323453,0.27613333333323453,0.1346991869918217
Cabbage,Retail,Dambulla,2026-01-11,3.772533333333513,3.772533333333513,1.8402601626017134
Cabbage,Retail,Dambulla,2026-01-12,4.784083333333427,4.784083333333427,2.333699186991916
Cabbage,Retail,Dambulla,2026-01-13,23.83754999999985,23.83754999999985,10.143638297872277
Cabbage,Retail,Dambulla,2026-01-14,11.451316666666827,11.451316666666827,5.326193798449687
Cabbage,Retail,Dambulla,2026-01-15,9.86816666666661,9.86816666666661,4.699126984126957
Cabbage,Retail,Dambulla,2026-01-16,6.6988500000000215,6.6988500000000215,3.2677317073170835
Cabbage,Retail,Dambulla,2026-01-17,2.337750000000085,2.337750000000085,1.140365853658578
Cabbage,Retail,Dambulla,2026-01-18,2.958633333333438,2.958633333333438,1.4432357723577747
Cabbage,Retail,Dambulla,2026-01-19,2.2772333333334984,2.2772333333334984,1.110845528455365
Cabbage,Retail,Dambulla,2026-01-20,5.308799999999934,5.308799999999934,2.5896585365853335
Cabbage,Retail,Dambulla,2026-01-21,22.815316666666718,22.815316666666718,9.919702898550748
Cabbage,Retail,Dambulla,2026-01-22,38.85446666666678,38.85446666666678,21.002414414414474
Cabbage,Retail,Dambulla,2026-01-23,30.766716666666753,30.766716666666753,13.376833333333371
Cabbage,Retail,Pettah,2026-01-01,46.89463333333322,46.89463333333322,15.631544444444406
Cabbage,Retail,Pettah,2026-01-02,29.86616666666663,29.86616666666663,8.533190476190464
Cabbage,Retail,Pettah,2026-01-03,4.541649999999777,4.541649999999777,1.2976142857142219
Cabbage,Retail,Pettah,2026-01-04,4.958983333333435,4.958983333333435,1.41685238095241
Cabbage,Retail,Pettah,2026-01-05,1.296066666666718,1.296066666666718,0.37030476190477657
Cabbage,Retail,Pettah,2026-01-06,1.0787499999998431,1.0787499999998431,0.3082142857142409
Cabbage,Retail,Pettah,2026-01-07,3.9334166666665737,3.9334166666665737,1.1238333333333068
Cabbage,Retail,Pettah,2026-01-08,42.77926666666667,42.77926666666667,14.259755555555556
Cabbage,Retail,Pettah,2026-01-09,58.89261666666653,58.89261666666653,23.55704666666661
Cabbage,Retail,Pettah,2026-01-10,18.800266666666573,18.800266666666573,7.324684095011716
Cabbage,Retail,Pettah,2026-01-11,3.6718499999999494,3.6718499999999494,1.394391068241351
Cabbage,Retail,Pettah,2026-01-12,3.785816666666392,3.785816666666392,1.4021543209875527
Cabbage,Retail,Pettah,2026-01-13,6.391566666667018,6.391566666667018,2.367246913580377
Cabbage,Retail,Pettah,2026-01-14,25.029133333333107,25.029133333333107,8.343044444444368
Cabbage,Retail,Pettah,2026-01-15,2.2770000000001005,2.2770000000001005,0.7590000000000335
Cabbage,Retail,Pettah,2026-01-16,1.1798166666666816,1.1798166666666816,0.39327222222222724
Cabbage,Retail,Pettah,2026-01-17,9.497916666666697,9.497916666666697,3.27514367816093
Cabbage,Retail,Pettah,2026-01-18,11.919300000000135,11.919300000000135,4.256892857142906
Cabbage,Retail,Pettah,2026-01-19,13.555583333333288,13.555583333333288,5.020586419753069
Cabbage,Retail,Pettah,2026-01-20,23.80180000000007,23.80180000000007,9.52072000000003
Cabbage,Retail,Pettah,2026-01-21,32.36266666666688,32.36266666666688,14.070724637681254
Cabbage,Retail,Pettah,2026-01-22,10.46079999999995,10.46079999999995,4.548173913043456
Cabbage,Retail,Pettah,2026-01-23,17.18658333333326,17.18658333333326,7.472427536231853
Cabbage,Wholesale,Dambulla,2026-01-01,5.045833333333519,5.045833333333519,2.242592592592675
Cabbage,Wholesale,Dambulla,2026-01-02,9.625233333333398,9.625233333333398,4.010513888888916
Cabbage,Wholesale,Dambulla,2026-01-03,11.650549999999981,11.650549999999981,5.216742040925975
Cabbage,Wholesale,Dambulla,2026-01-04,20.248999999999967,20.248999999999967,9.797745197658086
Cabbage,Wholesale,Dambulla,2026-01-05,19.73286666666678,19.73286666666678,10.385719298245673
Cabbage,Wholesale,Dambulla,2026-01-06,10.094883333333087,10.094883333333087,4.807087301587184
Cabbage,Wholesale,Dambulla,2026-01-07,8.272233333333418,8.272233333333418,4.2421709401709835
Cabbage,Wholesale,Dambulla,2026-01-08,7.431500000000199,7.431500000000199,3.911315789473789
Cabbage,Wholesale,Dambulla,2026-01-09,18.210549999999927,18.210549999999927,10.40602857142853
Cabbage,Wholesale,Dambulla,2026-01-10,7.216533333333388,7.216533333333388,4.123733333333365
Cabbage,Wholesale,Dambulla,2026-01-11,6.534116666666762,6.534116666666762,3.7337809523810064
Cabbage,Wholesale,Dambulla,2026-01-12,7.584800000000087,7.584800000000087,4.334171428571478
Cabbage,Wholesale,Dambulla,2026-01-13,23.95769999999993,23.95769999999993,11.686682926829235
Cabbage,Wholesale,Dambulla,2026-01-14,8.100133333333446,8.100133333333446,4.3784504504505115
Cabbage,Wholesale,Dambulla,2026-01-15,6.575800000000044,6.575800000000044,3.6532222222222464
Cabbage,Wholesale,Dambulla,2026-01-16,7.866666666666816,7.866666666666816,4.4952380952381805
Cabbage,Wholesale,Dambulla,2026-01-17,3.9251833333334503,3.9251833333334503,2.2429619047619713
Cabbage,Wholesale,Dambulla,2026-01-18,4.0485666666666305,4.0485666666666305,2.313466666666646
Cabbage,Wholesale,Dambulla,2026-01-19,2.0811833333332004,2.0811833333332004,1.1892476190475432
Cabbage,Wholesale,Dambulla,2026-01-20,4.554116666666715,4.554116666666715,2.6023523809524085
Cabbage,Wholesale,Dambulla,2026-01-21,23.290783333333167,23.290783333333167,11.645391666666583
Cabbage,Wholesale,Dambulla,2026-01-22,35.84066666666678,35.84066666666678,23.123010752688245
Cabbage,Wholesale,Dambulla,2026-01-23,31.434950000000043,31.434950000000043,15.717475000000022
Cabbage,Wholesale,Pettah,2026-01-01,50.413150000000144,50.413150000000144,20.165260000000057
Cabbage,Wholesale,Pettah,2026-01-02,28.947616666666704,28.947616666666704,9.649205555555568
Cabbage,Wholesale,Pettah,2026-01-03,9.514133333333348,9.514133333333348,3.1713777777777827
Cabbage,Wholesale,Pettah,2026-01-04,0.2508166666665943,0.2508166666665943,0.08360555555553144
Cabbage,Wholesale,Pettah,2026-01-05,1.5111499999999864,1.5111499999999864,0.5037166666666621
Cabbage,Wholesale,Pettah,2026-01-06,0.02980000000002292,0.02980000000002292,0.009933333333340974
Cabbage,Wholesale,Pettah,2026-01-07,4.035483333333275,4.035483333333275,1.3451611111110917
Cabbage,Wholesale,Pettah,2026-01-08,45.7066333333334,45.7066333333334,18.28265333333336
Cabbage,Wholesale,Pettah,2026-01-09,71.81506666666667,71.81506666666667,35.90753333333333
Cabbage,Wholesale,Pettah,2026-01-10,41.05678333333347,41.05678333333347,19.86586506669254
Cabbage,Wholesale,Pettah,2026-01-11,8.020016666666749,8.020016666666749,3.759441553774316
Cabbage,Wholesale,Pettah,2026-01-12,4.533016666666697,4.533016666666697,2.060462121212135
Cabbage,Wholesale,Pettah,2026-01-13,4.1408666666665965,4.1408666666665965,1.8822121212120895
Cabbage,Wholesale,Pettah,2026-01-14,24.038533333333277,24.038533333333277,9.61541333333331
Cabbage,Wholesale,Pettah,2026-01-15,7.571416666666607,7.571416666666607,3.028566666666643
Cabbage,Wholesale,Pettah,2026-01-16,4.444533333333169,4.444533333333169,1.7778133333332675
Cabbage,Wholesale,Pettah,2026-01-17,7.668733333333449,7.668733333333449,3.195305555555604
Cabbage,Wholesale,Pettah,2026-01-18,14.1991666666666,14.1991666666666,6.173550724637652
Cabbage,Wholesale,Pettah,2026-01-19,14.102533333333298,14.102533333333298,6.4102424242424085
Cabbage,Wholesale,Pettah,2026-01-20,25.669283333333368,25.669283333333368,12.834641666666686
Cabbage,Wholesale,Pettah,2026-01-21,28.218516666666716,28.218516666666716,15.676953703703731
Cabbage,Wholesale,Pettah,2026-01-22,11.386433333333429,11.386433333333429,6.325796296296349
Cabbage,Wholesale,Pettah,2026-01-23,3.8032166666667706,3.8032166666667706,2.112898148148206
Carrot,Retail,Dambulla,2026-01-01,48.88583333333327,48.88583333333327,16.02814207650271
Carrot,Retail,Dambulla,2026-01-02,100.65000833333357,100.65000833333357,25.807694444444508
Carrot,Retail,Dambulla,2026-01-03,49.37414999999987,49.37414999999987,12.49978481012655
Carrot,Retail,Dambulla,2026-01-04,13.721299999999985,13.721299999999985,3.4303249999999967
Carrot,Retail,Dambulla,2026-01-05,6.002283333333196,6.002283333333196,1.482045267489678
Carrot,Retail,Dambulla,2026-01-06,20.567183333333162,20.567183333333162,5.412416666666622
Carrot,Retail,Dambulla,2026-01-07,47.118766666666716,47.118766666666716,10.708810606060618
Carrot,Retail,Dambulla,2026-01-08,76.82776666666672,76.82776666666672,21.641624413145554
Carrot,Retail,Dambulla,2026-01-09,74.66123333333331,74.66123333333331,23.701978835978828
Carrot,Retail,Dambulla,2026-01-10,46.637050000000045,46.637050000000045,15.545683333333349
Carrot,Retail,Dambulla,2026-01-11,35.21051666666676,35.21051666666676,12.354567251462022
Carrot,Retail,Dambulla,2026-01-12,33.53946666666667,33.53946666666667,12.422024691358025
Carrot,Retail,Dambulla,2026-01-13,23.233116666666604,23.233116666666604,7.3755925925925725
Carrot,Retail,Dambulla,2026-01-14,13.646900000000016,13.646900000000016,4.548966666666672
Carrot,Retail,Dambulla,2026-01-15,26.59038333333325,26.59038333333325,7.937427860696493
Carrot,Retail,Dambulla,2026-01-16,42.96868333333322,42.96868333333322,11.613157657657625
Carrot,Retail,Dambulla,2026-01-17,4.974233333333416,4.974233333333416,1.3946318258708095
Carrot,Retail,Dambulla,2026-01-18,15.422816666666847,15.422816666666847,4.492126137147015
Carrot,Retail,Dambulla,2026-01-19,21.34911666666693,21.34911666666693,6.469429292929372
Carrot,Retail,Dambulla,2026-01-20,56.725433333333285,56.725433333333285,20.259083333333315
Carrot,Retail,Dambulla,2026-01-21,13.192983333333302,13.192983333333302,4.122807291666657
Carrot,Retail,Dambulla,2026-01-22,49.494016666666596,49.494016666666596,18.33111728395059
Carrot,Retail,Dambulla,2026-01-23,76.17129999999992,76.17129999999992,20.868849315068474
Carrot,Retail,Pettah,2026-01-01,45.66943333333336,45.66943333333336,13.048409523809532
Carrot,Retail,Pettah,2026-01-02,11.744599999999934,11.744599999999934,3.3555999999999817
Carrot,Retail,Pettah,2026-01-03,32.69581666666659,32.69581666666659,8.529417647109955
Carrot,Retail,Pettah,2026-01-04,34.42546666666664,34.42546666666664,8.262045903632762
Carrot,Retail,Pettah,2026-01-05,41.120999999999924,41.120999999999924,9.137999999999984
Carrot,Retail,Pettah,2026-01-06,13.392033333333188,13.392033333333188,2.976007407407375
Carrot,Retail,Pettah,2026-01-07,27.206200000000194,27.206200000000194,5.788553191489403
Carrot,Retail,Pettah,2026-01-08,5.490683333333266,5.490683333333266,1.2201518518518368
Carrot,Retail,Pettah,2026-01-09,61.20306666666659,61.20306666666659,15.300766666666647
Carrot,Retail,Pettah,2026-01-10,17.44754999999975,17.44754999999975,4.361887499999938
Carrot,Retail,Pettah,2026-01-11,0.16508333333331393,0.16508333333331393,0.04127083333332848
Carrot,Retail,Pettah,2026-01-12,1.3546166666669137,1.3546166666669137,0.33865416666672843
Carrot,Retail,Pettah,2026-01-13,1.506933333333393,1.506933333333393,0.37673333333334824
Carrot,Retail,Pettah,2026-01-14,0.4780666666666775,0.4780666666666775,0.11951666666666938
Carrot,Retail,Pettah,2026-01-15,4.336466666666809,4.336466666666809,1.0841166666667021
Carrot,Retail,Pettah,2026-01-16,2.8863166666665734,2.8863166666665734,0.7215791666666433
Carrot,Retail,Pettah,2026-01-17,6.240449999999953,6.240449999999953,1.5601124999999882
Carrot,Retail,Pettah,2026-01-18,11.331766666666738,11.331766666666738,2.8329416666666845
Carrot,Retail,Pettah,2026-01-19,13.432033333333436,13.432033333333436,3.3580083333333595
Carrot,Retail,Pettah,2026-01-20,34.73801666666651,34.73801666666651,9.925147619047573
Carrot,Retail,Pettah,2026-01-21,4.934466666666708,4.934466666666708,1.4098476190476308
Carrot,Retail,Pettah,2026-01-22,5.587033333333352,5.587033333333352,1.5962952380952435
Carrot,Retail,Pettah,2026-01-23,5.872133333333295,5.872133333333295,1.67775238095237
Carrot,Wholesale,Dambulla,2026-01-01,46.20713333333319,46.20713333333319,16.802593939393887
Carrot,Wholesale,Dambulla,2026-01-02,100.88811666666663,100.88811666666663,28.024476851851844
Carrot,Wholesale,Dambulla,2026-01-03,50.406783333333294,50.406783333333294,13.810077625570766
Carrot,Wholesale,Dambulla,2026-01-04,15.56429166666652,15.56429166666652,4.2065653153152756
Carrot,Wholesale,Dambulla,2026-01-05,9.786516666666444,9.786516666666444,2.6097377777777186
Carrot,Wholesale,Dambulla,2026-01-06,23.586833333333402,23.586833333333402,6.739095238095258
Carrot,Wholesale,Dambulla,2026-01-07,51.5885333333332,51.5885333333332,12.582569105691025
Carrot,Wholesale,Dambulla,2026-01-08,70.01306666666676,70.01306666666676,21.54248205128208
Carrot,Wholesale,Dambulla,2026-01-09,71.20864999999992,71.20864999999992,24.98549122807015
Carrot,Wholesale,Dambulla,2026-01-10,55.48648333333324,55.48648333333324,20.550549382716017
Carrot,Wholesale,Dambulla,2026-01-11,40.605116666666675,40.605116666666675,15.923575163398695
Carrot,Wholesale,Dambulla,2026-01-12,35.51778333333351,35.51778333333351,14.799076388888963
Carrot,Wholesale,Dambulla,2026-01-13,17.72514999999987,17.72514999999987,6.219350877192937
Carrot,Wholesale,Dambulla,2026-01-14,21.07273333333353,21.07273333333353,7.8047160493827885
Carrot,Wholesale,Dambulla,2026-01-15,21.228433333333157,21.228433333333157,6.960142076502675
Carrot,Wholesale,Dambulla,2026-01-16,42.992333333333136,42.992333333333136,12.64480392156857
Carrot,Wholesale,Dambulla,2026-01-17,5.215083333333382,5.215083333333382,1.5964377914511225
Carrot,Wholesale,Dambulla,2026-01-18,31.42081666666661,31.42081666666661,10.02802689390311
Carrot,Wholesale,Dambulla,2026-01-19,25.380716666666785,25.380716666666785,8.460238888888929
Carrot,Wholesale,Dambulla,2026-01-20,58.34409999999997,58.34409999999997,23.337639999999986
Carrot,Wholesale,Dambulla,2026-01-21,10.815616666666642,10.815616666666642,3.729522988505739
Carrot,Wholesale,Dambulla,2026-01-22,52.606116666666765,52.606116666666765,21.919215277777816
Carrot,Wholesale,Dambulla,2026-01-23,66.93328333333335,66.93328333333335,19.980084577114432
Carrot,Wholesale,Pettah,2026-01-01,41.99266666666648,41.99266666666648,13.997555555555493
Carrot,Wholesale,Pettah,2026-01-02,9.473833333333346,9.473833333333346,3.1579444444444484
Carrot,Wholesale,Pettah,2026-01-03,40.60646666666662,40.60646666666662,12.182061820618193
Carrot,Wholesale,Pettah,2026-01-04,32.55629999999968,32.55629999999968,8.878910191725442
Carrot,Wholesale,Pettah,2026-01-05,34.47196666666645,34.47196666666645,8.617991666666612
Carrot,Wholesale,Pettah,2026-01-06,8.501616666666735,8.501616666666735,2.1254041666666836
Carrot,Wholesale,Pettah,2026-01-07,46.84356666666656,46.84356666666656,10.409681481481458
Carrot,Wholesale,Pettah,2026-01-08,33.47444999999993,33.47444999999993,8.368612499999983
Carrot,Wholesale,Pettah,2026-01-09,66.82321666666672,66.82321666666672,19.092347619047636
Carrot,Wholesale,Pettah,2026-01-10,16.964949999999874,16.964949999999874,4.847128571428535
Carrot,Wholesale,Pettah,2026-01-11,14.920683333333386,14.920683333333386,4.263052380952396
Carrot,Wholesale,Pettah,2026-01-12,18.335383333333255,18.335383333333255,5.23868095238093
Carrot,Wholesale,Pettah,2026-01-13,16.051033333333237,16.051033333333237,4.586009523809496
Carrot,Wholesale,Pettah,2026-01-14,8.958050000000014,8.958050000000014,2.5594428571428613
Carrot,Wholesale,Pettah,2026-01-15,8.810233333333372,8.810233333333372,2.5172095238095347
Carrot,Wholesale,Pettah,2026-01-16,9.137166666666758,9.137166666666758,2.610619047619074
Carrot,Wholesale,Pettah,2026-01-17,6.595633333333353,6.595633333333353,1.8844666666666725
Carrot,Wholesale,Pettah,2026-01-18,6.130883333333486,6.130883333333486,1.7516809523809957
Carrot,Wholesale,Pettah,2026-01-19,4.873499999999979,4.873499999999979,1.3924285714285654
Carrot,Wholesale,Pettah,2026-01-20,54.07156666666668,54.07156666666668,18.023855555555564
Carrot,Wholesale,Pettah,2026-01-21,10.364266666666651,10.364266666666651,3.4547555555555505
Carrot,Wholesale,Pettah,2026-01-22,4.150133333333258,4.150133333333258,1.3833777777777527
Carrot,Wholesale,Pettah,2026-01-23,0.5905666666665752,0.5905666666665752,0.19685555555552506
Green Chilli,Retail,Dambulla,2026-01-01,82.72516666666729,82.72516666666729,8.031569579288087
Green Chilli,Retail,Dambulla,2026-01-02,93.41116666666676,93.41116666666676,7.916200564971759
Green Chilli,Retail,Dambulla,2026-01-03,123.35666666666691,123.35666666666691,12.17339530722143
Green Chilli,Retail,Dambulla,2026-01-04,220.0984999999995,220.0984999999995,25.99578348116734
Green Chilli,Retail,Dambulla,2026-01-05,294.98158333333333,294.98158333333333,43.37964460784314
Green Chilli,Retail,Dambulla,2026-01-06,95.27974999999935,95.27974999999935,12.215352564102481
Green Chilli,Retail,Dambulla,2026-01-07,167.76416666666682,167.76416666666682,23.139885057471286
Green Chilli,Retail,Dambulla,2026-01-08,27.940333333333115,27.940333333333115,3.175037878787854
Green Chilli,Retail,Dambulla,2026-01-09,242.61241666666695,242.61241666666695,37.040063613231595
Green Chilli,Retail,Dambulla,2026-01-10,118.75441666666677,118.75441666666677,17.046006956904527
Green Chilli,Retail,Dambulla,2026-01-11,24.834166666666874,24.834166666666874,3.363559203427583
Green Chilli,Retail,Dambulla,2026-01-12,29.07516666666652,29.07516666666652,3.727585470085451
Green Chilli,Retail,Dambulla,2026-01-13,173.2795000000001,173.2795000000001,28.641239669421502
Green Chilli,Retail,Dambulla,2026-01-14,124.95508333333339,124.95508333333339,20.653732782369154
Green Chilli,Retail,Dambulla,2026-01-15,84.02750000000003,84.02750000000003,13.337698412698417
Green Chilli,Retail,Dambulla,2026-01-16,35.05016666666677,35.05016666666677,5.351170483460575
Green Chilli,Retail,Dambulla,2026-01-17,65.9690833333334,65.9690833333334,10.611591894949637
Green Chilli,Retail,Dambulla,2026-01-18,89.46941666666612,89.46941666666612,15.207352449588857
Green Chilli,Retail,Dambulla,2026-01-19,103.40841666666654,103.40841666666654,18.632147147147123
Green Chilli,Retail,Dambulla,2026-01-20,205.92116666666686,205.92116666666686,50.84473251028812
Green Chilli,Retail,Dambulla,2026-01-21,66.7386666666668,66.7386666666668,15.520620155038792
Green Chilli,Retail,Dambulla,2026-01-22,26.700333333333447,26.700333333333447,5.449047619047642
Green Chilli,Retail,Dambulla,2026-01-23,97.45216666666681,97.45216666666681,17.096871345029268
Green Chilli,Retail,Pettah,2026-01-01,35.75249999999983,35.75249999999983,3.2502272727272565
Green Chilli,Retail,Pettah,2026-01-02,50.86274999999955,50.86274999999955,4.623886363636323
Green Chilli,Retail,Pettah,2026-01-03,149.30108333333328,149.30108333333328,14.930108333333328
Green Chilli,Retail,Pettah,2026-01-04,198.57674999999972,198.57674999999972,22.0640833333333
Green Chilli,Retail,Pettah,2026-01-05,231.13716666666664,231.13716666666664,28.892145833333334
Green Chilli,Retail,Pettah,2026-01-06,174.90666666666687,174.90666666666687,21.863333333333358
Green Chilli,Retail,Pettah,2026-01-07,175.1627499999995,175.1627499999995,15.923886363636319
Green Chilli,Retail,Pettah,2026-01-08,248.24600000000078,248.24600000000078,31.030750000000097
Green Chilli,Retail,Pettah,2026-01-09,150.00450000000012,150.00450000000012,18.750562500000015
Green Chilli,Retail,Pettah,2026-01-10,80.0316666666663,80.0316666666663,10.003958333333287
Green Chilli,Retail,Pettah,2026-01-11,45.32383333333314,45.32383333333314,5.665479166666643
Green Chilli,Retail,Pettah,2026-01-12,11.549750000000358,11.549750000000358,1.4437187500000448
Green Chilli,Retail,Pettah,2026-01-13,66.55741666666688,66.55741666666688,8.87432222222225
Green Chilli,Retail,Pettah,2026-01-14,48.14216666666664,48.14216666666664,6.418955555555551
Green Chilli,Retail,Pettah,2026-01-15,71.01199999999994,71.01199999999994,10.144571428571421
Green Chilli,Retail,Pettah,2026-01-16,98.8950000000001,98.8950000000001,15.2146153846154
Green Chilli,Retail,Pettah,2026-01-17,68.48400000000038,68.48400000000038,10.272548637256872
Green Chilli,Retail,Pettah,2026-01-18,43.69108333333327,43.69108333333327,6.393848262674442
Green Chilli,Retail,Pettah,2026-01-19,22.164166666666915,22.164166666666915,3.1663095238095593
Green Chilli,Retail,Pettah,2026-01-20,224.81816666666646,224.81816666666646,44.96363333333329
Green Chilli,Retail,Pettah,2026-01-21,207.19483333333346,207.19483333333346,51.798708333333366
Green Chilli,Retail,Pettah,2026-01-22,75.93416666666678,75.93416666666678,16.874259259259286
Green Chilli,Retail,Pettah,2026-01-23,111.31108333333327,111.31108333333327,18.55184722222221
Green Chilli,Wholesale,Dambulla,2026-01-01,78.134416666667,78.134416666667,7.8134416666667
Green Chilli,Wholesale,Dambulla,2026-01-02,74.25450000000001,74.25450000000001,6.456913043478261
Green Chilli,Wholesale,Dambulla,2026-01-03,147.2794166666671,147.2794166666671,14.977618568198578
Green Chilli,Wholesale,Dambulla,2026-01-04,225.34941666666657,225.34941666666657,27.59369349512858
Green Chilli,Wholesale,Dambulla,2026-01-05,295.6394999999999,295.6394999999999,45.48299999999998
Green Chilli,Wholesale,Dambulla,2026-01-06,82.68308333333255,82.68308333333255,11.024411111111005
Green Chilli,Wholesale,Dambulla,2026-01-07,176.43408333333377,176.43408333333377,25.386199040767448
Green Chilli,Wholesale,Dambulla,2026-01-08,9.817916666666406,9.817916666666406,1.1550490196078125
Green Chilli,Wholesale,Dambulla,2026-01-09,262.2480000000004,262.2480000000004,41.95968000000006
Green Chilli,Wholesale,Dambulla,2026-01-10,126.0307499999999,126.0307499999999,18.904517977410098
Green Chilli,Wholesale,Dambulla,2026-01-11,31.176166666666745,31.176166666666745,4.40136188876184
Green Chilli,Wholesale,Dambulla,2026-01-12,30.017166666666526,30.017166666666526,4.00228888888887
Green Chilli,Wholesale,Dambulla,2026-01-13,162.68258333333324,162.68258333333324,28.29262318840578
Green Chilli,Wholesale,Dambulla,2026-01-14,123.71941666666635,123.71941666666635,21.516420289855017
Green Chilli,Wholesale,Dambulla,2026-01-15,76.99458333333348,76.99458333333348,12.832430555555579
Green Chilli,Wholesale,Dambulla,2026-01-16,26.44883333333337,26.44883333333337,4.2318133333333385
Green Chilli,Wholesale,Dambulla,2026-01-17,53.433533333333685,53.433533333333685,9.030968839612232
Green Chilli,Wholesale,Dambulla,2026-01-18,88.55973333333327,88.55973333333327,15.861539471877432
Green Chilli,Wholesale,Dambulla,2026-01-19,84.9941500000001,84.9941500000001,16.189361904761927
Green Chilli,Wholesale,Dambulla,2026-01-20,189.65198333333342,189.65198333333342,50.573862222222246
Green Chilli,Wholesale,Dambulla,2026-01-21,59.96983333333338,59.96983333333338,14.992458333333348
Green Chilli,Wholesale,Dambulla,2026-01-22,31.629749999999945,31.629749999999945,6.87603260869564
Green Chilli,Wholesale,Dambulla,2026-01-23,91.80950000000007,91.80950000000007,17.001759259259273
Green Chilli,Wholesale,Pettah,2026-01-01,11.90291666666701,11.90291666666701,1.1902916666667012
Green Chilli,Wholesale,Pettah,2026-01-02,54.45325000000025,54.45325000000025,5.445325000000025
Green Chilli,Wholesale,Pettah,2026-01-03,153.95949999999993,153.95949999999993,17.106611111111103
Green Chilli,Wholesale,Pettah,2026-01-04,202.82758333333345,202.82758333333345,25.35344791666668
Green Chilli,Wholesale,Pettah,2026-01-05,243.39108333333354,243.39108333333354,34.77015476190479
Green Chilli,Wholesale,Pettah,2026-01-06,173.75349999999958,173.75349999999958,24.82192857142851
Green Chilli,Wholesale,Pettah,2026-01-07,149.93675000000007,149.93675000000007,14.993675000000007
Green Chilli,Wholesale,Pettah,2026-01-08,241.329166666667,241.329166666667,34.47559523809529
Green Chilli,Wholesale,Pettah,2026-01-09,129.9770833333331,129.9770833333331,18.56815476190473
Green Chilli,Wholesale,Pettah,2026-01-10,72.81441666666649,72.81441666666649,10.402059523809498
Green Chilli,Wholesale,Pettah,2026-01-11,55.587250000000154,55.587250000000154,7.941035714285737
Green Chilli,Wholesale,Pettah,2026-01-12,43.42591666666681,43.42591666666681,6.203702380952401
Green Chilli,Wholesale,Pettah,2026-01-13,99.83474999999964,99.83474999999964,15.359192307692254
Green Chilli,Wholesale,Pettah,2026-01-14,96.99291666666625,96.99291666666625,14.921987179487115
Green Chilli,Wholesale,Pettah,2026-01-15,89.69249999999988,89.69249999999988,14.35079999999998
Green Chilli,Wholesale,Pettah,2026-01-16,78.20133333333331,78.20133333333331,13.033555555555552
Green Chilli,Wholesale,Pettah,2026-01-17,56.97816666666665,56.97816666666665,9.496361111111108
Green Chilli,Wholesale,Pettah,2026-01-18,52.01883333333319,52.01883333333319,8.669805555555532
Green Chilli,Wholesale,Pettah,2026-01-19,47.62208333333342,47.62208333333342,7.937013888888904
Green Chilli,Wholesale,Pettah,2026-01-20,252.78958333333298,252.78958333333298,63.197395833333246
Green Chilli,Wholesale,Pettah,2026-01-21,177.36191666666684,177.36191666666684,50.67483333333338
Green Chilli,Wholesale,Pettah,2026-01-22,53.25225000000012,53.25225000000012,13.313062500000028
Green Chilli,Wholesale,Pettah,2026-01-23,73.80920000000003,73.80920000000003,14.761840000000007
Lime,Retail,Dambulla,2026-01-01,17.70578333333333,17.70578333333333,8.636967479674794
Lime,Retail,Dambulla,2026-01-02,42.23463333333328,42.23463333333328,24.843901960784283
Lime,Retail,Dambulla,2026-01-03,17.118933333333388,17.118933333333388,9.78224761904765
Lime,Retail,Dambulla,2026-01-04,4.097816666666716,4.097816666666716,2.2765648148148423
Lime,Retail,Dambulla,2026-01-05,3.125416666666723,3.125416666666723,1.689414414414445
Lime,Retail,Dambulla,2026-01-06,20.198183333333418,20.198183333333418,11.88128431372554
Lime,Retail,Dambulla,2026-01-07,7.728983333333218,7.728983333333218,4.177828828828767
Lime,Retail,Dambulla,2026-01-08,1.3190833333333387,1.3190833333333387,0.7130180180180209
Lime,Retail,Dambulla,2026-01-09,3.719166666666723,3.719166666666723,1.9072649572649862
Lime,Retail,Dambulla,2026-01-10,9.250466666666796,9.250466666666796,4.955518651452722
Lime,Retail,Dambulla,2026-01-11,16.93526666666685,16.93526666666685,9.496588721284612
Lime,Retail,Dambulla,2026-01-12,18.520241666666635,18.520241666666635,10.894259803921551
Lime,Retail,Dambulla,2026-01-13,14.045666666666733,14.045666666666733,8.262156862745137
Lime,Retail,Dambulla,2026-01-14,23.48356666666666,23.48356666666666,15.150688172043006
Lime,Retail,Dambulla,2026-01-15,19.756450000000115,19.756450000000115,13.394203389830587
Lime,Retail,Dambulla,2026-01-16,20.37178333333341,20.37178333333341,14.551273809523865
Lime,Retail,Dambulla,2026-01-17,18.965233333333373,18.965233333333373,14.224280607015205
Lime,Retail,Dambulla,2026-01-18,15.904066666666708,15.904066666666708,12.555511697060636
Lime,Retail,Dambulla,2026-01-19,15.856383333333412,15.856383333333412,13.213652777777844
Lime,Retail,Dambulla,2026-01-20,10.884000000000043,10.884000000000043,9.070000000000036
Lime,Retail,Dambulla,2026-01-21,9.696649999999977,9.696649999999977,8.080541666666647
Lime,Retail,Dambulla,2026-01-22,18.655133333333367,18.655133333333367,16.50896755162245
Lime,Retail,Dambulla,2026-01-23,18.36054999999999,18.36054999999999,12.662448275862062
Lime,Retail,Pettah,2026-01-01,2.7003499999999576,2.7003499999999576,1.080139999999983
Lime,Retail,Pettah,2026-01-02,0.393066666666698,0.393066666666698,0.1572266666666792
Lime,Retail,Pettah,2026-01-03,2.4546833333332643,2.4546833333332643,0.9818733333333057
Lime,Retail,Pettah,2026-01-04,3.5493166666665843,3.5493166666665843,1.4197266666666337
Lime,Retail,Pettah,2026-01-05,1.7675333333332333,1.7675333333332333,0.7070133333332933
Lime,Retail,Pettah,2026-01-06,0.88013333333339006,0.88013333333339006,0.35205333333335603
Lime,Retail,Pettah,2026-01-07,3.343699999999984,3.343699999999984,1.3374799999999936
Lime,Retail,Pettah,2026-01-08,3.2434666666666487,3.2434666666666487,1.2973866666666596
Lime,Retail,Pettah,2026-01-09,2.2973833333332436,2.2973833333332436,0.9189533333332974
Lime,Retail,Pettah,2026-01-10,1.765716666666549,1.765716666666549,0.7062866666666195
Lime,Retail,Pettah,2026-01-11,0.6266166666666493,0.6266166666666493,0.2506466666666597
Lime,Retail,Pettah,2026-01-12,10.261799999999994,10.261799999999994,4.104719999999998
Lime,Retail,Pettah,2026-01-13,11.64601666666664,11.64601666666664,4.6584066666666555
Lime,Retail,Pettah,2026-01-14,15.200099999999964,15.200099999999964,6.080039999999985
Lime,Retail,Pettah,2026-01-15,42.191683333333344,42.191683333333344,18.751859259259266
Lime,Retail,Pettah,2026-01-16,47.60846666666677,47.60846666666677,23.804233333333386
Lime,Retail,Pettah,2026-01-17,23.709249999999997,23.709249999999997,11.854624999999999
Lime,Retail,Pettah,2026-01-18,14.309750000000122,14.309750000000122,7.154875000000061
Lime,Retail,Pettah,2026-01-19,14.208450000000113,14.208450000000113,7.104225000000057
Lime,Retail,Pettah,2026-01-20,36.23318333333333,36.23318333333333,20.129546296296294
Lime,Retail,Pettah,2026-01-21,19.39758333333333,19.39758333333333,10.776435185185184
Lime,Retail,Pettah,2026-01-22,39.52016666666677,39.52016666666677,26.346777777777845
Lime,Retail,Pettah,2026-01-23,23.529216666666656,23.529216666666656,15.68614444444444
Lime,Wholesale,Dambulla,2026-01-01,14.102983333333327,14.102983333333327,8.058847619047615
Lime,Wholesale,Dambulla,2026-01-02,43.01511666666667,43.01511666666667,30.725083333333338
Lime,Wholesale,Dambulla,2026-01-03,22.91721666666669,22.91721666666669,15.80497701149427
Lime,Wholesale,Dambulla,2026-01-04,9.803383333333471,9.803383333333471,6.535588888888981
Lime,Wholesale,Dambulla,2026-01-05,3.697350000000114,3.697350000000114,2.385387096774267
Lime,Wholesale,Dambulla,2026-01-06,21.76190000000014,21.76190000000014,15.544214285714386
Lime,Wholesale,Dambulla,2026-01-07,2.216116666666636,2.216116666666636,1.4297526881720233
Lime,Wholesale,Dambulla,2026-01-08,1.4703833333332454,1.4703833333332454,0.9189895833332785
Lime,Wholesale,Dambulla,2026-01-09,0.6228999999999303,0.6228999999999303,0.3775151515151093
Lime,Wholesale,Dambulla,2026-01-10,10.290066666666604,10.290066666666604,6.567987915150702
Lime,Wholesale,Dambulla,2026-01-11,18.004350000000017,18.004350000000017,12.138036809815961
Lime,Wholesale,Dambulla,2026-01-12,19.492150000000066,19.492150000000066,13.922964285714334
Lime,Wholesale,Dambulla,2026-01-13,13.655183333333383,13.655183333333383,9.753702380952417
Lime,Wholesale,Dambulla,2026-01-14,22.522666666666737,22.522666666666737,18.018133333333388
Lime,Wholesale,Dambulla,2026-01-15,22.10491666666681,22.10491666666681,18.812695035461115
Lime,Wholesale,Dambulla,2026-01-16,21.866250000000065,21.866250000000065,19.878409090909148
Lime,Wholesale,Dambulla,2026-01-17,19.26124999999996,19.26124999999996,18.6405206619568
Lime,Wholesale,Dambulla,2026-01-18,20.138903333333303,20.138903333333303,20.83262990931344
Lime,Wholesale,Dambulla,2026-01-19,21.546350000000004,21.546350000000004,23.940388888888894
Lime,Wholesale,Dambulla,2026-01-20,15.007733333333334,15.007733333333334,16.67525925925926
Lime,Wholesale,Dambulla,2026-01-21,13.333100000000002,13.333100000000002,14.81455555555556
Lime,Wholesale,Dambulla,2026-01-22,19.00888333333333,19.00888333333333,23.761104166666662
Lime,Wholesale,Dambulla,2026-01-23,21.8497,21.8497,18.999739130434783
Lime,Wholesale,Pettah,2026-01-01,4.483533333333412,4.483533333333412,2.241766666666706
Lime,Wholesale,Pettah,2026-01-02,4.328800000000058,4.328800000000058,2.164400000000029
Lime,Wholesale,Pettah,2026-01-03,5.879233333333275,5.879233333333275,2.9396166666666375
Lime,Wholesale,Pettah,2026-01-04,5.6993333333333,5.6993333333333,2.84966666666665
Lime,Wholesale,Pettah,2026-01-05,5.467350000000039,5.467350000000039,2.7336750000000194
Lime,Wholesale,Pettah,2026-01-06,5.369533333333294,5.369533333333294,2.684766666666647
Lime,Wholesale,Pettah,2026-01-07,4.856266666666613,4.856266666666613,2.4281333333333066
Lime,Wholesale,Pettah,2026-01-08,6.406999999999982,6.406999999999982,3.203499999999991
Lime,Wholesale,Pettah,2026-01-09,6.682566666666645,6.682566666666645,3.3412833333333225
Lime,Wholesale,Pettah,2026-01-10,5.8875333333333515,5.8875333333333515,2.9437666666666757
Lime,Wholesale,Pettah,2026-01-11,6.147066666666717,6.147066666666717,3.0735333333333585
Lime,Wholesale,Pettah,2026-01-12,5.892683333333395,5.892683333333395,2.9463416666666973
Lime,Wholesale,Pettah,2026-01-13,30.387816666666765,30.387816666666765,16.882120370370426
Lime,Wholesale,Pettah,2026-01-14,13.621133333333432,13.621133333333432,7.567296296296351
Lime,Wholesale,Pettah,2026-01-15,24.181083333333305,24.181083333333305,14.655202020202001
Lime,Wholesale,Pettah,2026-01-16,26.899683333333314,26.899683333333314,17.93312222222221
Lime,Wholesale,Pettah,2026-01-17,13.183616666666637,13.183616666666637,8.789077777777758
Lime,Wholesale,Pettah,2026-01-18,11.80305000000007,11.80305000000007,7.868700000000047
Lime,Wholesale,Pettah,2026-01-19,10.872200000000106,10.872200000000106,7.248133333333404
Lime,Wholesale,Pettah,2026-01-20,40.8964666666667,40.8964666666667,34.08038888888891
Lime,Wholesale,Pettah,2026-01-21,19.220766666666663,19.220766666666663,16.017305555555552
Lime,Wholesale,Pettah,2026-01-22,31.962566666666675,31.962566666666675,31.962566666666675
Lime,Wholesale,Pettah,2026-01-23,22.852333333333362,22.852333333333362,22.852333333333362
Potato (Imp),Retail,Dambulla,2026-01-01,18.948483333333456,18.948483333333456,11.992710970464213
Potato (Imp),Retail,Dambulla,2026-01-02,18.45745000000008,18.45745000000008,12.30496666666672
Potato (Imp),Retail,Dambulla,2026-01-03,3.2800000000000296,3.2800000000000296,2.0802942855330944
Potato (Imp),Retail,Dambulla,2026-01-04,1.1066999999999325,1.1066999999999325,0.6693884957357603
Potato (Imp),Retail,Dambulla,2026-01-05,1.6957000000000164,1.6957000000000164,0.9801734104046337
Potato (Imp),Retail,Dambulla,2026-01-06,12.011733333333353,12.011733333333353,7.2798383838383955
Potato (Imp),Retail,Dambulla,2026-01-07,8.833366666666649,8.833366666666649,5.5208541666666555
Potato (Imp),Retail,Dambulla,2026-01-08,30.290850000000034,30.290850000000034,15.533769230769249
Potato (Imp),Retail,Dambulla,2026-01-09,3.645733333333169,3.645733333333169,1.9188070175437733
Potato (Imp),Retail,Dambulla,2026-01-10,6.585833333333568,6.585833333333568,3.5280619988930026
Potato (Imp),Retail,Dambulla,2026-01-11,7.528933333333413,7.528933333333413,4.106765577555999
Potato (Imp),Retail,Dambulla,2026-01-12,6.562483333333347,6.562483333333347,3.6458240740740817
Potato (Imp),Retail,Dambulla,2026-01-13,4.631066666666641,4.631066666666641,2.5728148148148002
Potato (Imp),Retail,Dambulla,2026-01-14,2.1232166666666217,2.1232166666666217,1.1476846846846604
Potato (Imp),Retail,Dambulla,2026-01-15,23.915733333333378,23.915733333333378,14.717374358974386
Potato (Imp),Retail,Dambulla,2026-01-16,31.957566666666764,31.957566666666764,22.826833333333404
Potato (Imp),Retail,Dambulla,2026-01-17,17.329500000000024,17.329500000000024,12.232300416460808
Potato (Imp),Retail,Dambulla,2026-01-18,8.237333333333282,8.237333333333282,5.747110397916195
Potato (Imp),Retail,Dambulla,2026-01-19,5.555949999999996,5.555949999999996,3.831689655172411
Potato (Imp),Retail,Dambulla,2026-01-20,3.8595666666665522,3.8595666666665522,2.4900430107526144
Potato (Imp),Retail,Dambulla,2026-01-21,14.711983333333478,14.711983333333478,10.14619540229895
Potato (Imp),Retail,Dambulla,2026-01-22,2.145800000000122,2.145800000000122,1.4305333333334147
Potato (Imp),Retail,Dambulla,2026-01-23,11.777633333333398,11.777633333333398,8.12250574712648
Potato (Imp),Retail,Pettah,2026-01-01,8.991283333333314,8.991283333333314,4.495641666666657
Potato (Imp),Retail,Pettah,2026-01-02,8.796566666666706,8.796566666666706,4.398283333333353
Potato (Imp),Retail,Pettah,2026-01-03,8.26240000000007,8.26240000000007,4.131200000000035
Potato (Imp),Retail,Pettah,2026-01-04,8.292750000000098,8.292750000000098,4.146375000000049
Potato (Imp),Retail,Pettah,2026-01-05,7.466133333333403,7.466133333333403,3.7330666666667014
Potato (Imp),Retail,Pettah,2026-01-06,7.149783333333431,7.149783333333431,3.5748916666667157
Potato (Imp),Retail,Pettah,2026-01-07,6.965233333333373,6.965233333333373,3.4826166666666865
Potato (Imp),Retail,Pettah,2026-01-08,7.311216666666695,7.311216666666695,3.6556083333333476
Potato (Imp),Retail,Pettah,2026-01-09,6.944266666666721,6.944266666666721,3.4721333333333604
Potato (Imp),Retail,Pettah,2026-01-10,17.814450000000022,17.814450000000022,9.376026315789485
Potato (Imp),Retail,Pettah,2026-01-11,21.89361666666673,21.89361666666673,12.163120370370406
Potato (Imp),Retail,Pettah,2026-01-12,18.251066666666645,18.251066666666645,10.735921568627438
Potato (Imp),Retail,Pettah,2026-01-13,9.172316666666632,9.172316666666632,4.82753508771928
Potato (Imp),Retail,Pettah,2026-01-14,1.5233000000000914,1.5233000000000914,0.8017368421053113
Potato (Imp),Retail,Pettah,2026-01-15,10.41331666666673,10.41331666666673,5.628819819819855
Potato (Imp),Retail,Pettah,2026-01-16,8.939066666666776,8.939066666666776,4.966148148148209
Potato (Imp),Retail,Pettah,2026-01-17,7.216166666666595,7.216166666666595,4.008981481481442
Potato (Imp),Retail,Pettah,2026-01-18,6.172983333333349,6.172983333333349,3.4294351851851936
Potato (Imp),Retail,Pettah,2026-01-19,5.962516666666687,5.962516666666687,3.3125092592592704
Potato (Imp),Retail,Pettah,2026-01-20,5.91306666666668,5.91306666666668,3.2850370370370445
Potato (Imp),Retail,Pettah,2026-01-21,6.870150000000137,6.870150000000137,3.8167500000000762
Potato (Imp),Retail,Pettah,2026-01-22,6.794133333333406,6.794133333333406,3.774518518518559
Potato (Imp),Retail,Pettah,2026-01-23,6.64303333333342,6.64303333333342,3.6905740740741226
Potato (Imp),Wholesale,Dambulla,2026-01-01,19.316916666666714,19.316916666666714,13.997765700483125
Potato (Imp),Wholesale,Dambulla,2026-01-02,22.303050000000013,22.303050000000013,17.156192307692315
Potato (Imp),Wholesale,Dambulla,2026-01-03,3.1936666666667293,3.1936666666667293,2.319798552093215
Potato (Imp),Wholesale,Dambulla,2026-01-04,0.8955833333333771,0.8955833333333771,0.6162411981926492
Potato (Imp),Wholesale,Dambulla,2026-01-05,2.274366666666509,2.274366666666509,1.4865141612199406
Potato (Imp),Wholesale,Dambulla,2026-01-06,12.593950000000063,12.593950000000063,8.685482758620733
Potato (Imp),Wholesale,Dambulla,2026-01-07,10.33546666666669,10.33546666666669,7.382476190476208
Potato (Imp),Wholesale,Dambulla,2026-01-08,27.971233333333288,27.971233333333288,15.983561904761878
Potato (Imp),Wholesale,Dambulla,2026-01-09,5.334233333333231,5.334233333333231,3.13778431372543
Potato (Imp),Wholesale,Dambulla,2026-01-10,6.552700000000044,6.552700000000044,3.9315413691726433
Potato (Imp),Wholesale,Dambulla,2026-01-11,3.933966666666805,3.933966666666805,2.408600175513871
Potato (Imp),Wholesale,Dambulla,2026-01-12,4.800616666666826,4.800616666666826,3.0003854166667665
Potato (Imp),Wholesale,Dambulla,2026-01-13,4.256650000000178,4.256650000000178,2.6604062500001113
Potato (Imp),Wholesale,Dambulla,2026-01-14,0.8079333333335228,0.8079333333335228,0.4896565656566805
Potato (Imp),Wholesale,Dambulla,2026-01-15,24.354583333333466,24.354583333333466,17.09093567251471
Potato (Imp),Wholesale,Dambulla,2026-01-16,35.09965,35.09965,29.24970833333333
Potato (Imp),Wholesale,Dambulla,2026-01-17,16.10138333333346,16.10138333333346,13.233651132845777
Potato (Imp),Wholesale,Dambulla,2026-01-18,5.69393333333322,5.69393333333322,4.616827481823741
Potato (Imp),Wholesale,Dambulla,2026-01-19,5.573183333333276,5.573183333333276,4.458546666666621
Potato (Imp),Wholesale,Dambulla,2026-01-20,5.9721333333332325,5.9721333333332325,4.777706666666586
Potato (Imp),Wholesale,Dambulla,2026-01-21,8.700283333333232,8.700283333333232,6.9602266666665855
Potato (Imp),Wholesale,Dambulla,2026-01-22,5.365816666666689,5.365816666666689,4.127551282051299
Potato (Imp),Wholesale,Dambulla,2026-01-23,11.322549999999978,11.322549999999978,9.058039999999982
Potato (Imp),Wholesale,Pettah,2026-01-01,6.836616666666686,6.836616666666686,4.118443775100413
Potato (Imp),Wholesale,Pettah,2026-01-02,3.7129000000001042,3.7129000000001042,2.2366867469880147
Potato (Imp),Wholesale,Pettah,2026-01-03,2.155750000000154,2.155750000000154,1.2934241315174622
Potato (Imp),Wholesale,Pettah,2026-01-04,1.5893166666667184,1.5893166666667184,0.9498097571665082
Potato (Imp),Wholesale,Pettah,2026-01-05,3.0246833333335417,3.0246833333335417,1.8004067460318702
Potato (Imp),Wholesale,Pettah,2026-01-06,1.1039833333334172,1.1039833333334172,0.6494019607843631
Potato (Imp),Wholesale,Pettah,2026-01-07,23.751983333333413,23.751983333333413,15.83465555555561
Potato (Imp),Wholesale,Pettah,2026-01-08,14.360050000000001,14.360050000000001,9.63761744966443
Potato (Imp),Wholesale,Pettah,2026-01-09,18.58725000000004,18.58725000000004,10.4422752808989
Potato (Imp),Wholesale,Pettah,2026-01-10,0.2258333333333553,0.2258333333333553,0.12880473012796173
Potato (Imp),Wholesale,Pettah,2026-01-11,6.47683333333336,6.47683333333336,3.7509893631397238
Potato (Imp),Wholesale,Pettah,2026-01-12,5.370216666666721,5.370216666666721,3.1589509803921887
Potato (Imp),Wholesale,Pettah,2026-01-13,14.579283333333223,14.579283333333223,7.673307017543801
Potato (Imp),Wholesale,Pettah,2026-01-14,1.677233333333362,1.677233333333362,0.8827543859649274
Potato (Imp),Wholesale,Pettah,2026-01-15,8.801749999999998,8.801749999999998,4.836126373626373
Potato (Imp),Wholesale,Pettah,2026-01-16,9.390866666666767,9.390866666666767,5.397049808429177
Potato (Imp),Wholesale,Pettah,2026-01-17,7.512566666666771,7.512566666666771,4.350823343178764
Potato (Imp),Wholesale,Pettah,2026-01-18,4.491883333333391,4.491883333333391,2.621772797136164
Potato (Imp),Wholesale,Pettah,2026-01-19,5.264716666666743,5.264716666666743,3.0968921568627903
Potato (Imp),Wholesale,Pettah,2026-01-20,12.782433333333415,12.782433333333415,7.84198364008185
Potato (Imp),Wholesale,Pettah,2026-01-21,3.708350000000138,3.708350000000138,2.247484848484932
Potato (Imp),Wholesale,Pettah,2026-01-22,4.3614166666667415,4.3614166666667415,2.643282828282874
Potato (Imp),Wholesale,Pettah,2026-01-23,24.667266666666592,24.667266666666592,17.249836829836777
Pumpkin,Retail,Dambulla,2026-01-01,11.347333333333438,11.347333333333438,7.825747126436854
Pumpkin,Retail,Dambulla,2026-01-02,11.47449999999992,11.47449999999992,7.402903225806401
Pumpkin,Retail,Dambulla,2026-01-03,2.3009333333334325,2.3009333333334325,1.517065558998769
Pumpkin,Retail,Dambulla,2026-01-04,5.963066666666862,5.963066666666862,4.020135283939096
Pumpkin,Retail,Dambulla,2026-01-05,5.44550000000001,5.44550000000001,3.755517241379317
Pumpkin,Retail,Dambulla,2026-01-06,5.763516666666646,5.763516666666646,3.7183978494623524
Pumpkin,Retail,Dambulla,2026-01-07,0.5020000000000095,0.5020000000000095,0.32387096774194163
Pumpkin,Retail,Dambulla,2026-01-08,12.683683333333306,12.683683333333306,8.747367816091934
Pumpkin,Retail,Dambulla,2026-01-09,15.969766666666658,15.969766666666658,11.829456790123452
Pumpkin,Retail,Dambulla,2026-01-10,8.38725000000008,8.38725000000008,6.212777777777837
Pumpkin,Retail,Dambulla,2026-01-11,5.0659416666666175,5.0659416666666175,3.7525493827160132
Pumpkin,Retail,Dambulla,2026-01-12,5.650966666666704,5.650966666666704,4.185901234567929
Pumpkin,Retail,Dambulla,2026-01-13,0.8185500000000729,0.8185500000000729,0.5846785714286236
Pumpkin,Retail,Dambulla,2026-01-14,18.495500000000135,18.495500000000135,14.796400000000107
Pumpkin,Retail,Dambulla,2026-01-15,23.618766666666744,23.618766666666744,20.53805797101456
Pumpkin,Retail,Dambulla,2026-01-16,26.508066666666707,26.508066666666707,25.245777777777818
Pumpkin,Retail,Dambulla,2026-01-17,10.846816666666697,10.846816666666697,10.012754238591985
Pumpkin,Retail,Dambulla,2026-01-18,6.606733333333352,6.606733333333352,5.916301005940138
Pumpkin,Retail,Dambulla,2026-01-19,6.761800000000022,6.761800000000022,5.879826086956541
Pumpkin,Retail,Dambulla,2026-01-20,8.226816666666679,8.226816666666679,6.971878531073457
Pumpkin,Retail,Dambulla,2026-01-21,14.542000000000044,14.542000000000044,13.22000000000004
Pumpkin,Retail,Dambulla,2026-01-22,31.24476666666675,31.24476666666675,35.50541666666676
Pumpkin,Retail,Dambulla,2026-01-23,0.3276383333333399,0.3276383333333399,0.2978530303030363
Pumpkin,Retail,Pettah,2026-01-01,4.690066666666638,4.690066666666638,2.345033333333319
Pumpkin,Retail,Pettah,2026-01-02,5.549866666666702,5.549866666666702,2.774933333333351
Pumpkin,Retail,Pettah,2026-01-03,2.500750000000039,2.500750000000039,1.2503750000000196
Pumpkin,Retail,Pettah,2026-01-04,1.6637833333333276,1.6637833333333276,0.8318916666666638
Pumpkin,Retail,Pettah,2026-01-05,3.7874666666666883,3.7874666666666883,1.8937333333333441
Pumpkin,Retail,Pettah,2026-01-06,3.342033333333262,3.342033333333262,1.671016666666631
Pumpkin,Retail,Pettah,2026-01-07,4.812966666666597,4.812966666666597,2.4064833333332984
Pumpkin,Retail,Pettah,2026-01-08,4.415849999999949,4.415849999999949,2.2079249999999746
Pumpkin,Retail,Pettah,2026-01-09,4.175233333333239,4.175233333333239,2.0876166666666194
Pumpkin,Retail,Pettah,2026-01-10,3.144416666666615,3.144416666666615,1.5722083333333075
Pumpkin,Retail,Pettah,2026-01-11,2.2764666666666358,2.2764666666666358,1.1382333333333179
Pumpkin,Retail,Pettah,2026-01-12,3.4308333333332826,3.4308333333332826,1.715416666666641
Pumpkin,Retail,Pettah,2026-01-13,3.093366666666668,3.093366666666668,1.546683333333334
Pumpkin,Retail,Pettah,2026-01-14,3.526833333333286,3.526833333333286,1.763416666666643
Pumpkin,Retail,Pettah,2026-01-15,3.988049999999987,3.988049999999987,1.9940249999999933
Pumpkin,Retail,Pettah,2026-01-16,4.985349999999983,4.985349999999983,2.4926749999999913
Pumpkin,Retail,Pettah,2026-01-17,21.01811666666663,21.01811666666663,11.464635720649445
Pumpkin,Retail,Pettah,2026-01-18,25.744983333333323,25.744983333333323,15.446681066378668
Pumpkin,Retail,Pettah,2026-01-19,26.20101666666676,26.20101666666676,17.467344444444507
Pumpkin,Retail,Pettah,2026-01-20,17.828833333333392,17.828833333333392,11.885888888888928
Pumpkin,Retail,Pettah,2026-01-21,13.346650000000125,13.346650000000125,8.89776666666675
Pumpkin,Retail,Pettah,2026-01-22,9.855616666666776,9.855616666666776,6.570411111111183
Pumpkin,Retail,Pettah,2026-01-23,9.713533333333402,9.713533333333402,6.475688888888935
Pumpkin,Wholesale,Dambulla,2026-01-01,7.502150000000043,7.502150000000043,6.523608695652211
Pumpkin,Wholesale,Dambulla,2026-01-02,9.466599999999971,9.466599999999971,7.5732799999999765
Pumpkin,Wholesale,Dambulla,2026-01-03,1.0047666666667396,1.0047666666667396,0.8258129914249525
Pumpkin,Wholesale,Dambulla,2026-01-04,5.700583333333384,5.700583333333384,4.817530071269656
Pumpkin,Wholesale,Dambulla,2026-01-05,6.943683333333297,6.943683333333297,6.037985507246345
Pumpkin,Wholesale,Dambulla,2026-01-06,3.257649999999984,3.257649999999984,2.6061199999999873
Pumpkin,Wholesale,Dambulla,2026-01-07,0.33251666666680535,0.33251666666680535,0.2660133333334443
Pumpkin,Wholesale,Dambulla,2026-01-08,12.8309,12.8309,11.157304347826088
Pumpkin,Wholesale,Dambulla,2026-01-09,18.73796666666668,18.73796666666668,17.845682539682553
Pumpkin,Wholesale,Dambulla,2026-01-10,10.599066666666829,10.599066666666829,10.09434920634936
Pumpkin,Wholesale,Dambulla,2026-01-11,6.6829666666667435,6.6829666666667435,6.364730158730232
Pumpkin,Wholesale,Dambulla,2026-01-12,7.502783333333397,7.502783333333397,7.145507936507997
Pumpkin,Wholesale,Dambulla,2026-01-13,2.732249999999979,2.732249999999979,2.4838636363636173
Pumpkin,Wholesale,Dambulla,2026-01-14,23.067049999999924,23.067049999999924,24.281105263157816
Pumpkin,Wholesale,Dambulla,2026-01-15,27.806416666666678,27.806416666666678,32.71343137254903
Pumpkin,Wholesale,Dambulla,2026-01-16,29.73695000000008,29.73695000000008,39.64926666666677
Pumpkin,Wholesale,Dambulla,2026-01-17,15.885649999999913,15.885649999999913,20.28041618792278
Pumpkin,Wholesale,Dambulla,2026-01-18,7.7998166666666435,7.7998166666666435,9.5504061058732
Pumpkin,Wholesale,Dambulla,2026-01-19,3.812599999999989,3.812599999999989,4.485411764705869
Pumpkin,Wholesale,Dambulla,2026-01-20,2.0087166666667287,2.0087166666667287,2.282632575757646
Pumpkin,Wholesale,Dambulla,2026-01-21,12.211116666666669,12.211116666666669,15.263895833333335
Pumpkin,Wholesale,Dambulla,2026-01-22,29.66733333333336,29.66733333333336,51.150574712643724
Pumpkin,Wholesale,Dambulla,2026-01-23,0.3838999999999828,0.3838999999999828,0.4798749999999785
Pumpkin,Wholesale,Pettah,2026-01-01,13.609983333333389,13.609983333333389,11.341652777777824
Pumpkin,Wholesale,Pettah,2026-01-02,2.062316666666632,2.062316666666632,1.5863974358974093
Pumpkin,Wholesale,Pettah,2026-01-03,2.0501666666666836,2.0501666666666836,1.577051282051295
Pumpkin,Wholesale,Pettah,2026-01-04,3.6395333333333895,3.6395333333333895,2.7996410256410686
Pumpkin,Wholesale,Pettah,2026-01-05,2.990900000000039,2.990900000000039,2.3006923076923376
Pumpkin,Wholesale,Pettah,2026-01-06,2.537366666666685,2.537366666666685,1.951820512820527
Pumpkin,Wholesale,Pettah,2026-01-07,12.244016666666653,12.244016666666653,10.20334722222221
Pumpkin,Wholesale,Pettah,2026-01-08,7.982516666666669,7.982516666666669,6.652097222222224
Pumpkin,Wholesale,Pettah,2026-01-09,1.9011333333333482,1.9011333333333482,1.462410256410268
Pumpkin,Wholesale,Pettah,2026-01-10,2.445400000000035,2.445400000000035,1.88107692307695
Pumpkin,Wholesale,Pettah,2026-01-11,5.23961666666662,5.23961666666662,4.030474358974323
Pumpkin,Wholesale,Pettah,2026-01-12,4.410933333333389,4.410933333333389,3.3930256410256843
Pumpkin,Wholesale,Pettah,2026-01-13,3.4028000000000986,3.4028000000000986,2.6175384615385373
Pumpkin,Wholesale,Pettah,2026-01-14,3.6299000000000206,3.6299000000000206,2.792230769230785
Pumpkin,Wholesale,Pettah,2026-01-15,3.222966666666764,3.222966666666764,2.4792051282052032
Pumpkin,Wholesale,Pettah,2026-01-16,2.5190333333333967,2.5190333333333967,1.9377179487179974
Pumpkin,Wholesale,Pettah,2026-01-17,12.124900000000054,12.124900000000054,10.104083333333378
Pumpkin,Wholesale,Pettah,2026-01-18,18.350016666666647,18.350016666666647,16.681833333333316
Pumpkin,Wholesale,Pettah,2026-01-19,19.897750000000073,19.897750000000073,19.897750000000073
Pumpkin,Wholesale,Pettah,2026-01-20,12.38970000000009,12.38970000000009,12.38970000000009
Pumpkin,Wholesale,Pettah,2026-01-21,10.824916666666752,10.824916666666752,10.824916666666752
Pumpkin,Wholesale,Pettah,2026-01-22,12.091383333333368,12.091383333333368,12.091383333333368
Pumpkin,Wholesale,Pettah,2026-01-23,12.87285,12.87285,12.87285
Snake gourd,Retail,Dambulla,2026-01-01,14.270116666666866,14.270116666666866,5.096470238095309
Snake gourd,Retail,Dambulla,2026-01-02,7.687916666666695,7.687916666666695,2.7456845238095338
Snake gourd,Retail,Dambulla,2026-01-03,18.745950000000107,18.745950000000107,6.900265027423015
Snake gourd,Retail,Dambulla,2026-01-04,15.628533333333337,15.628533333333337,5.934961202040534
Snake gourd,Retail,Dambulla,2026-01-05,17.917083333333494,17.917083333333494,7.026307189542546
Snake gourd,Retail,Dambulla,2026-01-06,40.48906666666659,40.48906666666659,13.275103825136586
Snake gourd,Retail,Dambulla,2026-01-07,22.79876666666695,22.79876666666695,8.603308176100736
Snake gourd,Retail,Dambulla,2026-01-08,54.58684999999991,54.58684999999991,16.54146969696967
Snake gourd,Retail,Dambulla,2026-01-09,2.8898666666667054,2.8898666666667054,0.9474972677595755
Snake gourd,Retail,Dambulla,2026-01-10,4.350816666666844,4.350816666666844,1.4422437321135162
Snake gourd,Retail,Dambulla,2026-01-11,3.4364333333335253,3.4364333333335253,1.1518899652510728
Snake gourd,Retail,Dambulla,2026-01-12,1.140566666666814,1.140566666666814,0.38663276836163185
Snake gourd,Retail,Dambulla,2026-01-13,12.432749999999942,12.432749999999942,4.076311475409817
Snake gourd,Retail,Dambulla,2026-01-14,68.50430000000011,68.50430000000011,30.446355555555606
Snake gourd,Retail,Dambulla,2026-01-15,0.48784999999998035,0.48784999999998035,0.18763461538460782
Snake gourd,Retail,Dambulla,2026-01-16,40.48949999999991,40.48949999999991,13.725254237288103
Snake gourd,Retail,Dambulla,2026-01-17,15.146566666666672,15.146566666666672,5.163660950692623
Snake gourd,Retail,Dambulla,2026-01-18,0.46178333333318733,0.46178333333318733,0.15832390486960857
Snake gourd,Retail,Dambulla,2026-01-19,0.674733333333279,0.674733333333279,0.23266666666664793
Snake gourd,Retail,Dambulla,2026-01-20,72.68804999999992,72.68804999999992,33.040022727272685
Snake gourd,Retail,Dambulla,2026-01-21,35.186450000000036,35.186450000000036,15.638422222222239
Snake gourd,Retail,Dambulla,2026-01-22,26.063300000000254,26.063300000000254,11.846954545454661
Snake gourd,Retail,Dambulla,2026-01-23,14.85114999999999,14.85114999999999,6.750522727272723
Snake gourd,Retail,Pettah,2026-01-01,76.18358333333322,76.18358333333322,16.929685185185157
Snake gourd,Retail,Pettah,2026-01-02,22.34238333333326,22.34238333333326,4.964974074074058
Snake gourd,Retail,Pettah,2026-01-03,15.152733333333174,15.152733333333174,3.496811513934686
Snake gourd,Retail,Pettah,2026-01-04,10.121216666666783,10.121216666666783,2.4290725674194884
Snake gourd,Retail,Pettah,2026-01-05,12.0536666666668,12.0536666666668,3.0134166666667
Snake gourd,Retail,Pettah,2026-01-06,55.90515000000016,55.90515000000016,15.972900000000045
Snake gourd,Retail,Pettah,2026-01-07,24.81376666666671,24.81376666666671,7.089647619047631
Snake gourd,Retail,Pettah,2026-01-08,14.266316666666626,14.266316666666626,4.076090476190465
Snake gourd,Retail,Pettah,2026-01-09,10.852599999999939,10.852599999999939,3.1007428571428393
Snake gourd,Retail,Pettah,2026-01-10,8.77738333333349,8.77738333333349,2.5078238095238543
Snake gourd,Retail,Pettah,2026-01-11,4.880000000000109,4.880000000000109,1.3942857142857454
Snake gourd,Retail,Pettah,2026-01-12,4.539000000000158,4.539000000000158,1.296857142857188
Snake gourd,Retail,Pettah,2026-01-13,0.7339500000001635,0.7339500000001635,0.20970000000004674
Snake gourd,Retail,Pettah,2026-01-14,4.541299999999865,4.541299999999865,1.297514285714247
Snake gourd,Retail,Pettah,2026-01-15,17.612166666666667,17.612166666666667,5.419128205128206
Snake gourd,Retail,Pettah,2026-01-16,31.66263333333353,31.66263333333353,10.554211111111176
Snake gourd,Retail,Pettah,2026-01-17,7.078150000000051,7.078150000000051,2.35938333333335
Snake gourd,Retail,Pettah,2026-01-18,0.572900000000061,0.572900000000061,0.19096666666668702
Snake gourd,Retail,Pettah,2026-01-19,0.2502666666666187,0.2502666666666187,0.08342222222220623
Snake gourd,Retail,Pettah,2026-01-20,48.488999999999976,48.488999999999976,19.39559999999999
Snake gourd,Retail,Pettah,2026-01-21,18.41911666666664,18.41911666666664,7.367646666666655
Snake gourd,Retail,Pettah,2026-01-22,8.56803333333346,8.56803333333346,3.1733456790123924
Snake gourd,Retail,Pettah,2026-01-23,16.171983333333344,16.171983333333344,6.468793333333338
Snake gourd,Wholesale,Dambulla,2026-01-01,8.256716666666705,8.256716666666705,3.3026866666666823
Snake gourd,Wholesale,Dambulla,2026-01-02,13.099083333333454,13.099083333333454,5.239633333333382
Snake gourd,Wholesale,Dambulla,2026-01-03,14.926316666666821,14.926316666666821,6.0923741496599275
Snake gourd,Wholesale,Dambulla,2026-01-04,17.56276666666679,17.56276666666679,7.3178194444444955
Snake gourd,Wholesale,Dambulla,2026-01-05,8.614883333333495,8.614883333333495,3.6659078014185082
Snake gourd,Wholesale,Dambulla,2026-01-06,38.41329999999985,38.41329999999985,13.968472727272674
Snake gourd,Wholesale,Dambulla,2026-01-07,30.33223333333359,30.33223333333359,12.907333333333442
Snake gourd,Wholesale,Dambulla,2026-01-08,28.747983333333337,28.747983333333337,10.453812121212122
Snake gourd,Wholesale,Dambulla,2026-01-09,8.866433333333248,8.866433333333248,3.2241575757575447
Snake gourd,Wholesale,Dambulla,2026-01-10,2.499216666666598,2.499216666666598,0.9199457675365693
Snake gourd,Wholesale,Dambulla,2026-01-11,2.609950000000026,2.609950000000026,0.9726642566988509
Snake gourd,Wholesale,Dambulla,2026-01-12,1.9648833333334323,1.9648833333334323,0.7414654088050688
Snake gourd,Wholesale,Dambulla,2026-01-13,13.862533333333147,13.862533333333147,5.040921212121145
Snake gourd,Wholesale,Dambulla,2026-01-14,71.78178333333346,71.78178333333346,36.811170940171
Snake gourd,Wholesale,Dambulla,2026-01-15,2.219383333333326,2.219383333333326,0.9649492753623156
Snake gourd,Wholesale,Dambulla,2026-01-16,38.591883333333044,38.591883333333044,14.562974842767188
Snake gourd,Wholesale,Dambulla,2026-01-17,16.431666666666615,16.431666666666615,6.239952404460797
Snake gourd,Wholesale,Dambulla,2026-01-18,2.7449666666666417,2.7449666666666417,1.0490184838409604
Snake gourd,Wholesale,Dambulla,2026-01-19,3.520583333333093,3.520583333333093,1.3540705128204205
Snake gourd,Wholesale,Dambulla,2026-01-20,69.1351333333335,69.1351333333335,36.38691228070184
Snake gourd,Wholesale,Dambulla,2026-01-21,32.028116666666904,32.028116666666904,16.424675213675336
Snake gourd,Wholesale,Dambulla,2026-01-22,22.343800000000016,22.343800000000016,11.759894736842114
Snake gourd,Wholesale,Dambulla,2026-01-23,2.059450000000197,2.059450000000197,1.0297250000000986
Snake gourd,Wholesale,Pettah,2026-01-01,85.3058666666667,85.3058666666667,21.326466666666676
Snake gourd,Wholesale,Pettah,2026-01-02,31.58110000000022,31.58110000000022,7.895275000000054
Snake gourd,Wholesale,Pettah,2026-01-03,27.50531666666683,27.50531666666683,7.175362394455647
Snake gourd,Wholesale,Pettah,2026-01-04,27.274749999999926,27.274749999999926,7.438500559085806
Snake gourd,Wholesale,Pettah,2026-01-05,25.390950000000032,25.390950000000032,7.254557142857151
Snake gourd,Wholesale,Pettah,2026-01-06,69.80625000000003,69.80625000000003,23.26875000000001
Snake gourd,Wholesale,Pettah,2026-01-07,28.8821333333334,28.8821333333334,9.6273777777778
Snake gourd,Wholesale,Pettah,2026-01-08,32.82140000000004,32.82140000000004,9.653352941176482
Snake gourd,Wholesale,Pettah,2026-01-09,34.70360000000005,34.70360000000005,11.567866666666683
Snake gourd,Wholesale,Pettah,2026-01-10,16.220150000000046,16.220150000000046,5.406716666666682
Snake gourd,Wholesale,Pettah,2026-01-11,3.4359166666666283,3.4359166666666283,1.145305555555543
Snake gourd,Wholesale,Pettah,2026-01-12,0.413716666666744,0.413716666666744,0.13790555555558132
Snake gourd,Wholesale,Pettah,2026-01-13,1.4856166666667718,1.4856166666667718,0.49520555555559065
Snake gourd,Wholesale,Pettah,2026-01-14,5.32633333333348,5.32633333333348,1.7754444444444935
Snake gourd,Wholesale,Pettah,2026-01-15,16.484466666666606,16.484466666666606,5.994351515151493
Snake gourd,Wholesale,Pettah,2026-01-16,25.59958333333327,25.59958333333327,10.239833333333308
Snake gourd,Wholesale,Pettah,2026-01-17,10.760933333333298,10.760933333333298,4.304373333333319
Snake gourd,Wholesale,Pettah,2026-01-18,5.799733333333336,5.799733333333336,2.3198933333333347
Snake gourd,Wholesale,Pettah,2026-01-19,4.6241500000001,4.6241500000001,1.8496600000000398
Snake gourd,Wholesale,Pettah,2026-01-20,52.67315000000002,52.67315000000002,26.33657500000001
Snake gourd,Wholesale,Pettah,2026-01-21,20.612650000000116,20.612650000000116,10.306325000000058
Snake gourd,Wholesale,Pettah,2026-01-22,11.433916666666562,11.433916666666562,5.197234848484801
Snake gourd,Wholesale,Pettah,2026-01-23,17.25063333333344,17.25063333333344,8.62531666666672
Tomato,Retail,Dambulla,2026-01-01,53.5191999999999,53.5191999999999,15.075830985915465
Tomato,Retail,Dambulla,2026-01-02,40.17726666666647,40.17726666666647,11.645584541062744
Tomato,Retail,Dambulla,2026-01-03,3.602949999999794,3.602949999999794,0.9871095890410395
Tomato,Retail,Dambulla,2026-01-04,30.598700000000008,30.598700000000008,7.947714285714287
Tomato,Retail,Dambulla,2026-01-05,27.98738333333324,27.98738333333324,6.910465020576109
Tomato,Retail,Dambulla,2026-01-06,73.02531666666675,73.02531666666675,16.049520146520166
Tomato,Retail,Dambulla,2026-01-07,61.32646666666665,61.32646666666665,12.776347222222217
Tomato,Retail,Dambulla,2026-01-08,37.299749999999904,37.299749999999904,7.386089108910872
Tomato,Retail,Dambulla,2026-01-09,24.498350000000073,24.498350000000073,4.711221153846168
Tomato,Retail,Dambulla,2026-01-10,4.431883333333246,4.431883333333246,0.8605598705501449
Tomato,Retail,Dambulla,2026-01-11,2.592899999999986,2.592899999999986,0.5084117647058797
Tomato,Retail,Dambulla,2026-01-12,4.08339999999987,4.08339999999987,0.8085940594059147
Tomato,Retail,Dambulla,2026-01-13,19.848550000000046,19.848550000000046,4.135114583333343
Tomato,Retail,Dambulla,2026-01-14,86.76673333333326,86.76673333333326,21.966261603375507
Tomato,Retail,Dambulla,2026-01-15,32.28623333333303,32.28623333333303,8.071558333333257
Tomato,Retail,Dambulla,2026-01-16,7.005399999999895,7.005399999999895,1.7297283950617026
Tomato,Retail,Dambulla,2026-01-17,13.870283333333361,13.870283333333361,3.526373104856828
Tomato,Retail,Dambulla,2026-01-18,16.0150000000001,16.0150000000001,4.196033222417298
Tomato,Retail,Dambulla,2026-01-19,18.154199999999946,18.154199999999946,4.906540540540526
Tomato,Retail,Dambulla,2026-01-20,21.01868333333357,21.01868333333357,5.920755868544668
Tomato,Retail,Dambulla,2026-01-21,20.32280000000003,20.32280000000003,5.977294117647068
Tomato,Retail,Dambulla,2026-01-22,9.830133333333208,9.830133333333208,2.891215686274473
Tomato,Retail,Dambulla,2026-01-23,77.11665000000028,77.11665000000028,18.361107142857207
Tomato,Retail,Pettah,2026-01-01,29.458766666666634,29.458766666666634,5.891753333333327
Tomato,Retail,Pettah,2026-01-02,33.94460000000004,33.94460000000004,6.171745454545461
Tomato,Retail,Pettah,2026-01-03,7.2345833333334895,7.2345833333334895,1.276683666566695
Tomato,Retail,Pettah,2026-01-04,0.21681666666620458,0.21681666666620458,0.03716878382154262
Tomato,Retail,Pettah,2026-01-05,19.810366666666823,19.810366666666823,3.301727777777804
Tomato,Retail,Pettah,2026-01-06,26.917283333333216,26.917283333333216,4.486213888888869
Tomato,Retail,Pettah,2026-01-07,19.207999999999856,19.207999999999856,3.2013333333333094
Tomato,Retail,Pettah,2026-01-08,8.501083333333327,8.501083333333327,1.416847222222221
Tomato,Retail,Pettah,2026-01-09,4.902833333333433,4.902833333333433,0.8171388888889054
Tomato,Retail,Pettah,2026-01-10,15.021950000000174,15.021950000000174,2.575206144035138
Tomato,Retail,Pettah,2026-01-11,23.519150000000195,23.519150000000195,4.150413821095205
Tomato,Retail,Pettah,2026-01-12,16.29413333333332,16.29413333333332,2.9625696969696946
Tomato,Retail,Pettah,2026-01-13,12.770033333333572,12.770033333333572,2.321824242424286
Tomato,Retail,Pettah,2026-01-14,30.16613333333362,30.16613333333362,5.484751515151567
Tomato,Retail,Pettah,2026-01-15,31.70728333333352,31.70728333333352,5.76496060606064
Tomato,Retail,Pettah,2026-01-16,28.176433333333534,28.176433333333534,5.122987878787915
Tomato,Retail,Pettah,2026-01-17,9.623850000000175,9.623850000000175,1.804483153019739
Tomato,Retail,Pettah,2026-01-18,1.0656333333336079,1.0656333333336079,0.20625028225629666
Tomato,Retail,Pettah,2026-01-19,3.605083333333198,3.605083333333198,0.7210166666666397
Tomato,Retail,Pettah,2026-01-20,33.02081666666652,33.02081666666652,7.337959259259226
Tomato,Retail,Pettah,2026-01-21,50.38190000000009,50.38190000000009,12.595475000000022
Tomato,Retail,Pettah,2026-01-22,54.76798333333335,54.76798333333335,15.647995238095241
Tomato,Retail,Pettah,2026-01-23,33.145066666666594,33.145066666666594,9.470019047619028
Tomato,Wholesale,Dambulla,2026-01-01,50.959383333333165,50.959383333333165,15.679810256410203
Tomato,Wholesale,Dambulla,2026-01-02,42.708883333333404,42.708883333333404,13.558375661375685
Tomato,Wholesale,Dambulla,2026-01-03,4.590816666666626,4.590816666666626,1.3703930348258584
Tomato,Wholesale,Dambulla,2026-01-04,16.77890000000002,16.77890000000002,4.726450704225358
Tomato,Wholesale,Dambulla,2026-01-05,29.566833333333363,29.566833333333363,7.884488888888896
Tomato,Wholesale,Dambulla,2026-01-06,71.83113333333324,71.83113333333324,16.90144313725488
Tomato,Wholesale,Dambulla,2026-01-07,63.65288333333319,63.65288333333319,14.145085185185154
Tomato,Wholesale,Dambulla,2026-01-08,51.09246666666655,51.09246666666655,10.7563087719298
Tomato,Wholesale,Dambulla,2026-01-09,29.493950000000098,29.493950000000098,6.019173469387775
Tomato,Wholesale,Dambulla,2026-01-10,5.765650000000107,5.765650000000107,1.1887938144330117
Tomato,Wholesale,Dambulla,2026-01-11,11.681666666666729,11.681666666666729,2.4336805555555685
Tomato,Wholesale,Dambulla,2026-01-12,9.022316666666427,9.022316666666427,1.8994350877192478
Tomato,Wholesale,Dambulla,2026-01-13,24.391766666666683,24.391766666666683,5.420392592592596
Tomato,Wholesale,Dambulla,2026-01-14,90.45958333333289,90.45958333333289,24.783447488584354
Tomato,Wholesale,Dambulla,2026-01-15,32.0565499999999,32.0565499999999,8.663932432432405
Tomato,Wholesale,Dambulla,2026-01-16,4.70778333333368,4.70778333333368,1.2554088888889812
Tomato,Wholesale,Dambulla,2026-01-17,12.564649999999858,12.564649999999858,3.4581922769933278
Tomato,Wholesale,Dambulla,2026-01-18,11.608799999999974,11.608799999999974,3.301049279153744
Tomato,Wholesale,Dambulla,2026-01-19,18.15666666666675,18.15666666666675,5.340196078431397
Tomato,Wholesale,Dambulla,2026-01-20,27.056649999999877,27.056649999999877,8.32512307692304
Tomato,Wholesale,Dambulla,2026-01-21,27.61059999999992,27.61059999999992,8.906645161290298
Tomato,Wholesale,Dambulla,2026-01-22,8.81973333333326,8.81973333333326,2.845075268817181
Tomato,Wholesale,Dambulla,2026-01-23,78.96869999999984,78.96869999999984,20.248384615384573
Tomato,Wholesale,Pettah,2026-01-01,24.321600000000046,24.321600000000046,6.080400000000012
Tomato,Wholesale,Pettah,2026-01-02,23.897216666666793,23.897216666666793,5.310492592592621
Tomato,Wholesale,Pettah,2026-01-03,0.3701333333333423,0.3701333333333423,0.07931371918772201
Tomato,Wholesale,Pettah,2026-01-04,10.363349999999969,10.363349999999969,2.1441561665942457
Tomato,Wholesale,Pettah,2026-01-05,16.380066666666835,16.380066666666835,3.276013333333367
Tomato,Wholesale,Pettah,2026-01-06,35.26601666666636,35.26601666666636,7.053203333333272
Tomato,Wholesale,Pettah,2026-01-07,23.239049999999793,23.239049999999793,4.225281818181781
Tomato,Wholesale,Pettah,2026-01-08,44.48961666666685,44.48961666666685,8.89792333333337
Tomato,Wholesale,Pettah,2026-01-09,22.96015000000034,22.96015000000034,4.592030000000068
Tomato,Wholesale,Pettah,2026-01-10,24.537116666666748,24.537116666666748,5.076679839171321
Tomato,Wholesale,Pettah,2026-01-11,20.483950000000107,20.483950000000107,4.389386504382134
Tomato,Wholesale,Pettah,2026-01-12,17.27029999999985,17.27029999999985,3.837844444444411
Tomato,Wholesale,Pettah,2026-01-13,0.6879166666667516,0.6879166666667516,0.15287037037038925
Tomato,Wholesale,Pettah,2026-01-14,3.6968500000000404,3.6968500000000404,0.8215222222222311
Tomato,Wholesale,Pettah,2026-01-15,1.5744000000000256,1.5744000000000256,0.3498666666666724
Tomato,Wholesale,Pettah,2026-01-16,2.2259666666666362,2.2259666666666362,0.4946592592592525
Tomato,Wholesale,Pettah,2026-01-17,2.053699999999992,2.053699999999992,0.45637777777777605
Tomato,Wholesale,Pettah,2026-01-18,2.334750000000099,2.334750000000099,0.5188333333333554
Tomato,Wholesale,Pettah,2026-01-19,3.549533333333443,3.549533333333443,0.7887851851852096
Tomato,Wholesale,Pettah,2026-01-20,46.58144999999996,46.58144999999996,11.64536249999999
Tomato,Wholesale,Pettah,2026-01-21,63.15026666666665,63.15026666666665,18.04293333333333
Tomato,Wholesale,Pettah,2026-01-22,78.57886666666667,78.57886666666667,26.192955555555557
Tomato,Wholesale,Pettah,2026-01-23,40.78710000000001,40.78710000000001,13.595700000000003
Potato (Local),Retail,Dambulla,2026-01-01,6.940316666666661,6.940316666666661,2.238811827956987
Potato (Local),Retail,Dambulla,2026-01-02,4.401799999999923,4.401799999999923,1.419935483870943
Potato (Local),Retail,Dambulla,2026-01-03,2.3056833333332065,2.3056833333332065,0.7467800269905123
Potato (Local),Retail,Dambulla,2026-01-04,1.2890166666664982,1.2890166666664982,0.4191924119240645
Potato (Local),Retail,Dambulla,2026-01-05,0.45175000000006094,0.45175000000006094,0.14751020408165255
Potato (Local),Retail,Dambulla,2026-01-06,4.246283333333167,4.246283333333167,1.3922240437157924
Potato (Local),Retail,Dambulla,2026-01-07,47.88186666666667,47.88186666666667,13.680533333333333
Potato (Local),Retail,Dambulla,2026-01-08,9.170483333333323,9.170483333333323,2.77893434343434
Potato (Local),Retail,Dambulla,2026-01-09,3.170816666666724,3.170816666666724,0.9608535353535527
Potato (Local),Retail,Dambulla,2026-01-10,2.1665166666667233,2.1665166666667233,0.6565202020202191
Potato (Local),Retail,Dambulla,2026-01-11,1.1211166666665235,1.1211166666665235,0.33973232323227986
Potato (Local),Retail,Dambulla,2026-01-12,3.204850000000249,3.204850000000249,0.9711666666667421
Potato (Local),Retail,Dambulla,2026-01-13,1.9825000000001296,1.9825000000001296,0.600757575757615
Potato (Local),Retail,Dambulla,2026-01-14,2.1929833333334727,2.1929833333334727,0.6645404040404462
Potato (Local),Retail,Dambulla,2026-01-15,2.770683333333409,2.770683333333409,0.8396010101010329
Potato (Local),Retail,Dambulla,2026-01-16,1.7895999999998367,1.7895999999998367,0.5423030303029809
Potato (Local),Retail,Dambulla,2026-01-17,23.344516666666493,23.344516666666493,6.638188263618305
Potato (Local),Retail,Dambulla,2026-01-18,30.265566666666814,30.265566666666814,8.106920597505376
Potato (Local),Retail,Dambulla,2026-01-19,29.218500000000006,29.218500000000006,7.397088607594939
Potato (Local),Retail,Dambulla,2026-01-20,22.048549999999864,22.048549999999864,6.2108591549295395
Potato (Local),Retail,Dambulla,2026-01-21,7.219833333333213,7.219833333333213,2.0530137155097714
Potato (Local),Retail,Dambulla,2026-01-22,2.131116666666628,2.131116666666628,0.6118096823892941
Potato (Local),Retail,Dambulla,2026-01-23,2.4851666666667143,2.4851666666667143,0.7203381642512215
Potato (Local),Retail,Pettah,2026-01-01,2.6455000000000837,2.6455000000000837,0.6961842105263378
Potato (Local),Retail,Pettah,2026-01-02,3.945516666666947,3.945516666666947,1.0382938596491966
Potato (Local),Retail,Pettah,2026-01-03,4.0470000000000255,4.0470000000000255,1.0650000000000068
Potato (Local),Retail,Pettah,2026-01-04,6.32589999999999,6.32589999999999,1.6647105263157869
Potato (Local),Retail,Pettah,2026-01-05,7.432500000000061,7.432500000000061,1.9559210526315949
Potato (Local),Retail,Pettah,2026-01-06,8.360633333333226,8.360633333333226,2.2001666666666386
Potato (Local),Retail,Pettah,2026-01-07,6.294716666666545,6.294716666666545,1.6565043859648805
Potato (Local),Retail,Pettah,2026-01-08,4.956933333333268,4.956933333333268,1.3044561403508599
Potato (Local),Retail,Pettah,2026-01-09,3.2136333333332914,3.2136333333332914,0.8282560137456936
Potato (Local),Retail,Pettah,2026-01-10,0.1642166666665048,0.1642166666665048,0.04232388316147031
Potato (Local),Retail,Pettah,2026-01-11,1.9558999999999855,1.9558999999999855,0.5040979381443261
Potato (Local),Retail,Pettah,2026-01-12,0.5700999999999681,0.5700999999999681,0.14693298969071342
Potato (Local),Retail,Pettah,2026-01-13,30.99115000000012,30.99115000000012,7.378845238095266
Potato (Local),Retail,Pettah,2026-01-14,10.909866666666915,10.909866666666915,2.5975873015873603
Potato (Local),Retail,Pettah,2026-01-15,3.12123333333318,3.12123333333318,0.7431507936507572
Potato (Local),Retail,Pettah,2026-01-16,2.9388333333334344,2.9388333333334344,0.6997222222222462
Potato (Local),Retail,Pettah,2026-01-17,4.508533333333503,4.508533333333503,1.0734603174603579
Potato (Local),Retail,Pettah,2026-01-18,7.480133333333413,7.480133333333413,1.7809841269841458
Potato (Local),Retail,Pettah,2026-01-19,9.585966666666877,9.585966666666877,2.282373015873066
Potato (Local),Retail,Pettah,2026-01-20,7.9949000000000865,7.9949000000000865,1.9035476190476397
Potato (Local),Retail,Pettah,2026-01-21,8.5920166666668365,8.5920166666668365,2.0457182539682943
Potato (Local),Retail,Pettah,2026-01-22,9.727466666666714,9.727466666666714,2.3160634920635035
Potato (Local),Retail,Pettah,2026-01-23,9.427666666666767,9.427666666666767,2.2446825396825636
Potato (Local),Wholesale,Dambulla,2026-01-01,11.371499999999799,11.371499999999799,3.9212068965516544
Potato (Local),Wholesale,Dambulla,2026-01-02,0.07069999999987431,0.07069999999987431,0.024379310344784244
Potato (Local),Wholesale,Dambulla,2026-01-03,5.37263333333334,5.37263333333334,1.8526321839080484
Potato (Local),Wholesale,Dambulla,2026-01-04,4.204816666666773,4.204816666666773,1.449936781609232
Potato (Local),Wholesale,Dambulla,2026-01-05,2.2341666666667948,2.2341666666667948,0.7704022988506188
Potato (Local),Wholesale,Dambulla,2026-01-06,2.177716666666697,2.177716666666697,0.75093678160920585
Potato (Local),Wholesale,Dambulla,2026-01-07,40.32218333333333,40.32218333333333,12.218843434343432
Potato (Local),Wholesale,Dambulla,2026-01-08,7.702483333333362,7.702483333333362,2.484672043010762
Potato (Local),Wholesale,Dambulla,2026-01-09,0.8544833333331212,0.8544833333331212,0.27563978494616814
Potato (Local),Wholesale,Dambulla,2026-01-10,2.745316666666781,2.745316666666781,0.8855860215054132
Potato (Local),Wholesale,Dambulla,2026-01-11,4.235533333333365,4.235533333333365,1.3663010752688272
Potato (Local),Wholesale,Dambulla,2026-01-12,3.243833333333214,3.243833333333214,1.046397849462327
Potato (Local),Wholesale,Dambulla,2026-01-13,3.2776166666665176,3.2776166666665176,1.0572956989246831
Potato (Local),Wholesale,Dambulla,2026-01-14,1.3536833333334926,1.3536833333334926,0.43667204301080403
Potato (Local),Wholesale,Dambulla,2026-01-15,0.03698333333323944,0.03698333333323944,0.011930107526851433
Potato (Local),Wholesale,Dambulla,2026-01-16,0.4287500000000364,0.4287500000000364,0.13830645161291497
Potato (Local),Wholesale,Dambulla,2026-01-17,23.359650000000045,23.359650000000045,7.043039768444552
Potato (Local),Wholesale,Dambulla,2026-01-18,24.62734999999998,24.62734999999998,6.9700704723629405
Potato (Local),Wholesale,Dambulla,2026-01-19,28.83736666666664,28.83736666666664,7.6899644444444375
Potato (Local),Wholesale,Dambulla,2026-01-20,22.488600000000076,22.488600000000076,6.713014925373158
Potato (Local),Wholesale,Dambulla,2026-01-21,7.588450000000023,7.588450000000023,2.287951879880611
Potato (Local),Wholesale,Dambulla,2026-01-22,3.512916666666513,3.512916666666513,1.0699347201493963
Potato (Local),Wholesale,Dambulla,2026-01-23,2.834666666666635,2.834666666666635,0.8722051282051184
Potato (Local),Wholesale,Pettah,2026-01-01,2.8510000000002265,2.8510000000002265,0.8639393939394625
Potato (Local),Wholesale,Pettah,2026-01-02,0.288716666666744,0.288716666666744,0.08748989898992243
Potato (Local),Wholesale,Pettah,2026-01-03,13.353599999999915,13.353599999999915,3.9160117302052537
Potato (Local),Wholesale,Pettah,2026-01-04,14.930150000000026,14.930150000000026,4.241519886363643
Potato (Local),Wholesale,Pettah,2026-01-05,15.70956666666666,15.70956666666666,4.327704315886132
Potato (Local),Wholesale,Pettah,2026-01-06,10.907349999999951,10.907349999999951,2.9883150684931374
Potato (Local),Wholesale,Pettah,2026-01-07,0.8371999999999389,0.8371999999999389,0.23255555555553858
Potato (Local),Wholesale,Pettah,2026-01-08,17.240583333333177,17.240583333333177,4.597488888888847
Potato (Local),Wholesale,Pettah,2026-01-09,17.85526666666641,17.85526666666641,4.601872852233611
Potato (Local),Wholesale,Pettah,2026-01-10,1.4576999999999884,1.4576999999999884,0.3760156834420998
Potato (Local),Wholesale,Pettah,2026-01-11,2.450516666666715,2.450516666666715,0.632668955843006
Potato (Local),Wholesale,Pettah,2026-01-12,0.10666666666674018,0.10666666666674018,0.027562446167116325
Potato (Local),Wholesale,Pettah,2026-01-13,14.016783333333194,14.016783333333194,3.5041958333332985
Potato (Local),Wholesale,Pettah,2026-01-14,7.7043666666668855,7.7043666666668855,1.9260916666667214
Potato (Local),Wholesale,Pettah,2026-01-15,8.233983333333413,8.233983333333413,2.058495833333353
Potato (Local),Wholesale,Pettah,2026-01-16,8.540333333333308,8.540333333333308,2.135083333333327
Potato (Local),Wholesale,Pettah,2026-01-17,8.782000000000096,8.782000000000096,2.182785275768672
Potato (Local),Wholesale,Pettah,2026-01-18,9.515016666666668,9.515016666666668,2.351302707555951
Potato (Local),Wholesale,Pettah,2026-01-19,6.629150000000038,6.629150000000038,1.628783783783793
Potato (Local),Wholesale,Pettah,2026-01-20,7.324316666666732,7.324316666666732,1.786418699187008
Potato (Local),Wholesale,Pettah,2026-01-21,0.7255500000001689,0.7255500000001689,0.17696341463418755
Potato (Local),Wholesale,Pettah,2026-01-22,2.533233333333328,2.533233333333328,0.6178617886178849
Potato (Local),Wholesale,Pettah,2026-01-23,2.7607333333333486,2.7607333333333486,0.6733495934959387
Big Onion (Local),Retail,Dambulla,2026-01-01,13.277800000000127,13.277800000000127,5.311120000000051
Big Onion (Local),Retail,Dambulla,2026-01-02,7.76973333333342,7.76973333333342,3.0469542483660472
Big Onion (Local),Retail,Dambulla,2026-01-03,15.768383333333475,15.768383333333475,6.332684069611837
Big Onion (Local),Retail,Dambulla,2026-01-04,21.1548333333335,21.1548333333335,8.705692729766872
Big Onion (Local),Retail,Dambulla,2026-01-05,20.687650000000076,20.687650000000076,8.72896624472577
Big Onion (Local),Retail,Dambulla,2026-01-06,20.738083333333492,20.738083333333492,8.977525252525322
Big Onion (Local),Retail,Dambulla,2026-01-07,21.190283333333355,21.190283333333355,9.417903703703713
Big Onion (Local),Retail,Dambulla,2026-01-08,14.620766666666754,14.620766666666754,6.498118518518557
Big Onion (Local),Retail,Dambulla,2026-01-09,11.86415000000028,11.86415000000028,5.27295555555568
Big Onion (Local),Retail,Dambulla,2026-01-10,3.4401166666664835,3.4401166666664835,1.4638794326240356
Big Onion (Local),Retail,Dambulla,2026-01-11,2.6480833333331475,2.6480833333331475,1.0808503401359786
Big Onion (Local),Retail,Dambulla,2026-01-12,2.8024166666665167,2.8024166666665167,1.0989869281045164
Big Onion (Local),Retail,Dambulla,2026-01-13,14.081900000000132,14.081900000000132,5.74771428571434
Big Onion (Local),Retail,Dambulla,2026-01-14,28.235966666666883,28.235966666666883,12.366297318209119
Big Onion (Local),Retail,Dambulla,2026-01-15,35.54798333333355,35.54798333333355,16.794058361285753
Big Onion (Local),Retail,Dambulla,2026-01-16,36.06478333333328,36.06478333333328,18.49476068376066
Big Onion (Local),Retail,Dambulla,2026-01-17,21.11540000000008,21.11540000000008,10.969038961039
Big Onion (Local),Retail,Dambulla,2026-01-18,17.410000000000082,17.410000000000082,9.163157894736885
Big Onion (Local),Retail,Dambulla,2026-01-19,15.20483333333351,15.20483333333351,8.10924444444454
Big Onion (Local),Retail,Dambulla,2026-01-20,13.683566666666763,13.683566666666763,7.3965225225225755
Big Onion (Local),Retail,Dambulla,2026-01-21,19.156933333333484,19.156933333333484,10.946819047619135
Big Onion (Local),Retail,Dambulla,2026-01-22,21.20283333333336,21.20283333333336,12.850202020202037
Big Onion (Local),Retail,Dambulla,2026-01-23,22.482883333333405,22.482883333333405,14.505086021505424
Big Onion (Local),Retail,Pettah,2026-01-01,13.43793333333332,13.43793333333332,6.655407524804774
Big Onion (Local),Retail,Pettah,2026-01-02,21.46741666666682,21.46741666666682,10.921003544114983
Big Onion (Local),Retail,Pettah,2026-01-03,21.398750000000007,21.398750000000007,11.190059091146791
Big Onion (Local),Retail,Pettah,2026-01-04,19.08491666666663,19.08491666666663,10.26677963670269
Big Onion (Local),Retail,Pettah,2026-01-05,12.887183333333354,12.887183333333354,7.138131900594525
Big Onion (Local),Retail,Pettah,2026-01-06,12.910133333333391,12.910133333333391,7.368797564688009
Big Onion (Local),Retail,Pettah,2026-01-07,14.453249999999969,14.453249999999969,8.508919109855155
Big Onion (Local),Retail,Pettah,2026-01-08,15.35599999999991,15.35599999999991,9.334386967357553
Big Onion (Local),Retail,Pettah,2026-01-09,15.017100000000084,15.017100000000084,9.434629641264111
Big Onion (Local),Retail,Pettah,2026-01-10,15.468333333333362,15.468333333333362,10.05547249127827
Big Onion (Local),Retail,Pettah,2026-01-11,14.23296666666667,14.23296666666667,9.585134801445665
Big Onion (Local),Retail,Pettah,2026-01-12,14.914316666666792,14.914316666666792,10.4193912719483
Big Onion (Local),Retail,Pettah,2026-01-13,15.458916666666795,15.458916666666795,11.218372036768356
Big Onion (Local),Retail,Pettah,2026-01-14,17.967666666666588,17.967666666666588,13.564598117670684
Big Onion (Local),Retail,Pettah,2026-01-15,15.58180000000003,15.58180000000003,12.258516245771403
Big Onion (Local),Retail,Pettah,2026-01-16,15.609816666666646,15.609816666666646,12.819098847554116
Big Onion (Local),Retail,Pettah,2026-01-17,15.743149999999986,15.743149999999986,13.521558017693023
Big Onion (Local),Retail,Pettah,2026-01-18,19.14489999999998,19.14489999999998,17.233684400035987
Big Onion (Local),Retail,Pettah,2026-01-19,15.857316666666676,15.857316666666676,14.996516613076109
Big Onion (Local),Retail,Pettah,2026-01-20,17.961000000000055,17.961000000000055,17.88944223107575
Big Onion (Local),Retail,Pettah,2026-01-21,19.52013333333332,19.52013333333332,20.534539589031475
Big Onion (Local),Retail,Pettah,2026-01-22,21.06035000000007,21.06035000000007,23.4760338869692
Big Onion (Local),Retail,Pettah,2026-01-23,19.655383333333333,19.655383333333333,23.29664967800561
Big Onion (Local),Wholesale,Dambulla,2026-01-01,14.654283333333524,14.654283333333524,6.371427536231968
Big Onion (Local),Wholesale,Dambulla,2026-01-02,5.5182333333334554,5.5182333333334554,2.3481843971631724
Big Onion (Local),Wholesale,Dambulla,2026-01-03,14.532616666666911,14.532616666666911,6.34612081513839
Big Onion (Local),Wholesale,Dambulla,2026-01-04,19.839033333333532,19.839033333333532,8.89642750373701
Big Onion (Local),Wholesale,Dambulla,2026-01-05,18.929133333333453,18.929133333333453,8.723102918586845
Big Onion (Local),Wholesale,Dambulla,2026-01-06,20.40798333333339,20.40798333333339,9.672030015797816
Big Onion (Local),Wholesale,Dambulla,2026-01-07,13.342183333333395,13.342183333333395,6.508382113821168
Big Onion (Local),Wholesale,Dambulla,2026-01-08,6.641100000000051,6.641100000000051,3.239560975609781
Big Onion (Local),Wholesale,Dambulla,2026-01-09,7.959050000000076,7.959050000000076,3.882463414634183
Big Onion (Local),Wholesale,Dambulla,2026-01-10,3.027933333333209,3.027933333333209,1.40834108527126
Big Onion (Local),Wholesale,Dambulla,2026-01-11,5.186349999999948,5.186349999999948,2.305044444444421
Big Onion (Local),Wholesale,Dambulla,2026-01-12,2.6644000000000005,2.6644000000000005,1.1337872340425534
Big Onion (Local),Wholesale,Dambulla,2026-01-13,12.75596666666678,12.75596666666678,5.669318518518569
Big Onion (Local),Wholesale,Dambulla,2026-01-14,26.855250000000012,26.855250000000012,12.89072625162003
Big Onion (Local),Wholesale,Dambulla,2026-01-15,30.94850000000011,30.94850000000011,16.146762664997187
Big Onion (Local),Wholesale,Dambulla,2026-01-16,33.694733333333375,33.694733333333375,19.254133333333357
Big Onion (Local),Wholesale,Dambulla,2026-01-17,23.08183333333355,23.08183333333355,13.380772946860029
Big Onion (Local),Wholesale,Dambulla,2026-01-18,14.482400000000212,14.482400000000212,8.519058823529537
Big Onion (Local),Wholesale,Dambulla,2026-01-19,14.685900000000117,14.685900000000117,8.767701492537384
Big Onion (Local),Wholesale,Dambulla,2026-01-20,13.21255000000005,13.21255000000005,8.007606060606092
Big Onion (Local),Wholesale,Dambulla,2026-01-21,20.047650000000175,20.047650000000175,12.933967741935598
Big Onion (Local),Wholesale,Dambulla,2026-01-22,23.881050000000073,23.881050000000073,16.469689655172466
Big Onion (Local),Wholesale,Dambulla,2026-01-23,26.04886666666667,26.04886666666667,19.29545679012346
Big Onion (Local),Wholesale,Pettah,2026-01-01,11.951433333333398,11.951433333333398,6.690233616957792
Big Onion (Local),Wholesale,Pettah,2026-01-02,11.347549999999956,11.347549999999956,6.478761061946877
Big Onion (Local),Wholesale,Pettah,2026-01-03,13.043749999999932,13.043749999999932,7.598153433913865
Big Onion (Local),Wholesale,Pettah,2026-01-04,12.155050000000017,12.155050000000017,7.227405161136886
Big Onion (Local),Wholesale,Pettah,2026-01-05,10.340233333333373,10.340233333333373,6.278223031774968
Big Onion (Local),Wholesale,Pettah,2026-01-06,10.319450000000018,10.319450000000018,6.4012468209168265
Big Onion (Local),Wholesale,Pettah,2026-01-07,10.609150000000028,10.609150000000028,6.726145945603264
Big Onion (Local),Wholesale,Pettah,2026-01-08,12.798416666666668,12.798416666666668,8.297728647994468
Big Onion (Local),Wholesale,Pettah,2026-01-09,12.353399999999937,12.353399999999937,8.194083311223094
Big Onion (Local),Wholesale,Pettah,2026-01-10,11.921233333333305,11.921233333333305,8.094814513025941
Big Onion (Local),Wholesale,Pettah,2026-01-11,11.126516666666674,11.126516666666674,7.7380323156455075
Big Onion (Local),Wholesale,Pettah,2026-01-12,11.276600000000059,11.276600000000059,8.037491090520355
Big Onion (Local),Wholesale,Pettah,2026-01-13,12.996516666666764,12.996516666666764,9.498988939238973
Big Onion (Local),Wholesale,Pettah,2026-01-14,13.072933333333339,13.072933333333339,9.804945123628093
Big Onion (Local),Wholesale,Pettah,2026-01-15,12.81143333333344,12.81143333333344,9.866332948273731
Big Onion (Local),Wholesale,Pettah,2026-01-16,11.929466666666727,11.929466666666727,9.44085681122723
Big Onion (Local),Wholesale,Pettah,2026-01-17,13.406133333333344,13.406133333333344,10.90993923611112
Big Onion (Local),Wholesale,Pettah,2026-01-18,13.956616666666648,13.956616666666648,11.68993773906244
Big Onion (Local),Wholesale,Pettah,2026-01-19,13.233306666666579,13.233306666666579,11.416880913352239
Big Onion (Local),Wholesale,Pettah,2026-01-20,15.080399999999983,15.080399999999983,13.414339085571946
Big Onion (Local),Wholesale,Pettah,2026-01-21,12.022883333333397,12.022883333333397,11.036243191971174
Big Onion (Local),Wholesale,Pettah,2026-01-22,12.502800000000036,12.502800000000036,11.856614509246121
Big Onion (Local),Wholesale,Pettah,2026-01-23,14.61415000000001,14.61415000000001,14.331813278415229
Red Onion (Imp),Retail,Dambulla,2026-01-01,8.684849999999983,8.684849999999983,2.4464366197183054
Red Onion (Imp),Retail,Dambulla,2026-01-02,17.38444999999996,17.38444999999996,5.268015151515139
Red Onion (Imp),Retail,Dambulla,2026-01-03,0.18173333333334085,0.18173333333334085,0.05424875621890772
Red Onion (Imp),Retail,Dambulla,2026-01-04,6.166133333333391,6.166133333333391,1.8135686274509975
Red Onion (Imp),Retail,Dambulla,2026-01-05,2.4066166666665367,2.4066166666665367,0.6975700483091412
Red Onion (Imp),Retail,Dambulla,2026-01-06,42.08173333333332,42.08173333333332,10.930320346320341
Red Onion (Imp),Retail,Dambulla,2026-01-07,37.06634999999994,37.06634999999994,11.064582089552221
Red Onion (Imp),Retail,Dambulla,2026-01-08,21.638950000000023,21.638950000000023,6.557257575757583
Red Onion (Imp),Retail,Dambulla,2026-01-09,22.71545000000009,22.71545000000009,7.211253968253997
Red Onion (Imp),Retail,Dambulla,2026-01-10,15.187633333333167,15.187633333333167,4.925772170509898
Red Onion (Imp),Retail,Dambulla,2026-01-11,11.162816666666629,11.162816666666629,3.7003403277311726
Red Onion (Imp),Retail,Dambulla,2026-01-12,10.984933333333288,10.984933333333288,3.72370621468925
Red Onion (Imp),Retail,Dambulla,2026-01-13,10.801533333333452,10.801533333333452,3.375479166666704
Red Onion (Imp),Retail,Dambulla,2026-01-14,22.76413333333312,22.76413333333312,7.716655367231566
Red Onion (Imp),Retail,Dambulla,2026-01-15,1.2844166666667434,1.2844166666667434,0.41432795698927205
Red Onion (Imp),Retail,Dambulla,2026-01-16,17.159266666666667,17.159266666666667,5.279774358974358
Red Onion (Imp),Retail,Dambulla,2026-01-17,2.8746500000002015,2.8746500000002015,0.8936643143594993
Red Onion (Imp),Retail,Dambulla,2026-01-18,8.714249999999936,8.714249999999936,2.7374893977947212
Red Onion (Imp),Retail,Dambulla,2026-01-19,10.742016666666643,10.742016666666643,3.4101640211640136
Red Onion (Imp),Retail,Dambulla,2026-01-20,14.864199999999869,14.864199999999869,4.437074626865632
Red Onion (Imp),Retail,Dambulla,2026-01-21,23.77911666666671,23.77911666666671,7.720492424242438
Red Onion (Imp),Retail,Dambulla,2026-01-22,51.74411666666657,51.74411666666657,19.9015833333333
Red Onion (Imp),Retail,Dambulla,2026-01-23,18.69840000000005,18.69840000000005,6.1306229508196886
Red Onion (Imp),Retail,Pettah,2026-01-01,2.9718500000000176,2.9718500000000176,0.8491000000000051
Red Onion (Imp),Retail,Pettah,2026-01-02,2.9674666666666667,2.9674666666666667,0.8478476190476191
Red Onion (Imp),Retail,Pettah,2026-01-03,3.8038166666666484,3.8038166666666484,1.0868047619047567
Red Onion (Imp),Retail,Pettah,2026-01-04,5.470983333333265,5.470983333333265,1.5631380952380758
Red Onion (Imp),Retail,Pettah,2026-01-05,5.0826999999999884,5.0826999999999884,1.4521999999999968
Red Onion (Imp),Retail,Pettah,2026-01-06,3.9954000000000747,3.9954000000000747,1.1415428571428785
Red Onion (Imp),Retail,Pettah,2026-01-07,3.457616666666695,3.457616666666695,0.9878904761904842
Red Onion (Imp),Retail,Pettah,2026-01-08,3.6989500000000817,3.6989500000000817,1.0568428571428805
Red Onion (Imp),Retail,Pettah,2026-01-09,3.4284000000000106,3.4284000000000106,0.97954285714286
Red Onion (Imp),Retail,Pettah,2026-01-10,4.457300000000032,4.457300000000032,1.273514285714295
Red Onion (Imp),Retail,Pettah,2026-01-11,5.157933333333347,5.157933333333347,1.4736952380952417
Red Onion (Imp),Retail,Pettah,2026-01-12,5.664516666666771,5.664516666666771,1.618433333333363
Red Onion (Imp),Retail,Pettah,2026-01-13,4.84503333333339,4.84503333333339,1.3842952380952542
Red Onion (Imp),Retail,Pettah,2026-01-14,4.594116666666707,4.594116666666707,1.3126047619047736
Red Onion (Imp),Retail,Pettah,2026-01-15,4.722450000000038,4.722450000000038,1.3492714285714393
Red Onion (Imp),Retail,Pettah,2026-01-16,3.34009999999995,3.34009999999995,0.9543142857142713
Red Onion (Imp),Retail,Pettah,2026-01-17,3.8383166666666284,3.8383166666666284,1.096661904761894
Red Onion (Imp),Retail,Pettah,2026-01-18,4.90781666666669,4.90781666666669,1.40223333333334
Red Onion (Imp),Retail,Pettah,2026-01-19,4.657933333333403,4.657933333333403,1.3308380952381154
Red Onion (Imp),Retail,Pettah,2026-01-20,3.7185666666667316,3.7185666666667316,1.0624476190476377
Red Onion (Imp),Retail,Pettah,2026-01-21,2.9871000000001118,2.9871000000001118,0.8534571428571749
Red Onion (Imp),Retail,Pettah,2026-01-22,4.236733333333348,4.236733333333348,1.210495238095242
Red Onion (Imp),Retail,Pettah,2026-01-23,4.001250000000084,4.001250000000084,1.1432142857143097
Red Onion (Imp),Wholesale,Dambulla,2026-01-01,7.813199999999824,7.813199999999824,2.332298507462634
Red Onion (Imp),Wholesale,Dambulla,2026-01-02,21.785966666666695,21.785966666666695,7.0277311827957085
Red Onion (Imp),Wholesale,Dambulla,2026-01-03,0.6836666666665678,0.6836666666665678,0.21703703703700566
Red Onion (Imp),Wholesale,Dambulla,2026-01-04,8.115633333333392,8.115633333333392,2.536135416666685
Red Onion (Imp),Wholesale,Dambulla,2026-01-05,5.804549999999892,5.804549999999892,1.7860153846153515
Red Onion (Imp),Wholesale,Dambulla,2026-01-06,36.924849999999935,36.924849999999935,10.116397260273954
Red Onion (Imp),Wholesale,Dambulla,2026-01-07,29.816283333333388,29.816283333333388,9.46548677248679
Red Onion (Imp),Wholesale,Dambulla,2026-01-08,13.940400000000011,13.940400000000011,4.496903225806456
Red Onion (Imp),Wholesale,Dambulla,2026-01-09,18.30470000000014,18.30470000000014,6.204983050847504
Red Onion (Imp),Wholesale,Dambulla,2026-01-10,17.071283333333326,17.071283333333326,5.9207447484942
Red Onion (Imp),Wholesale,Dambulla,2026-01-11,17.85776666666652,17.85776666666652,6.339960473840494
Red Onion (Imp),Wholesale,Dambulla,2026-01-12,18.876199999999756,18.876199999999756,6.864072727272638
Red Onion (Imp),Wholesale,Dambulla,2026-01-13,10.53138333333311,10.53138333333311,3.5104611111110366
Red Onion (Imp),Wholesale,Dambulla,2026-01-14,26.323049999999853,26.323049999999853,9.572018181818128
Red Onion (Imp),Wholesale,Dambulla,2026-01-15,1.9476666666666915,1.9476666666666915,0.6716091954023075
Red Onion (Imp),Wholesale,Dambulla,2026-01-16,10.272549999999853,10.272549999999853,3.3680491803278207
Red Onion (Imp),Wholesale,Dambulla,2026-01-17,4.110283333333314,4.110283333333314,1.3625098065214682
Red Onion (Imp),Wholesale,Dambulla,2026-01-18,11.85818333333333,11.85818333333333,3.9748544676476825
Red Onion (Imp),Wholesale,Dambulla,2026-01-19,9.462633333333315,9.462633333333315,3.2076723163841745
Red Onion (Imp),Wholesale,Dambulla,2026-01-20,10.58431666666661,10.58431666666661,3.360100529100511
Red Onion (Imp),Wholesale,Dambulla,2026-01-21,23.58164999999991,23.58164999999991,8.188072916666636
Red Onion (Imp),Wholesale,Dambulla,2026-01-22,61.70211666666688,61.70211666666688,25.70921527777787
Red Onion (Imp),Wholesale,Dambulla,2026-01-23,10.5986833333331,10.5986833333331,3.7188362573098592
Red Onion (Imp),Wholesale,Pettah,2026-01-01,7.268700000000024,7.268700000000024,2.4639661016949232
Red Onion (Imp),Wholesale,Pettah,2026-01-02,5.271650000000022,5.271650000000022,1.7870000000000077
Red Onion (Imp),Wholesale,Pettah,2026-01-03,4.669083333333276,4.669083333333276,1.5881235827664204
Red Onion (Imp),Wholesale,Pettah,2026-01-04,7.046016666666617,7.046016666666617,2.404783845278709
Red Onion (Imp),Wholesale,Pettah,2026-01-05,9.239350000000002,9.239350000000002,3.16416095890411
Red Onion (Imp),Wholesale,Pettah,2026-01-06,6.271083333333252,6.271083333333252,2.1257909604519494
Red Onion (Imp),Wholesale,Pettah,2026-01-07,11.545650000000023,11.545650000000023,3.9812586206896627
Red Onion (Imp),Wholesale,Pettah,2026-01-08,13.424283333333506,13.424283333333506,4.6612094907408
Red Onion (Imp),Wholesale,Pettah,2026-01-09,21.606633333333434,21.606633333333434,7.772170263789005
Red Onion (Imp),Wholesale,Pettah,2026-01-10,14.143600000000106,14.143600000000106,5.105992779783432
Red Onion (Imp),Wholesale,Pettah,2026-01-11,11.808950000000095,11.808950000000095,4.278605072463803
Red Onion (Imp),Wholesale,Pettah,2026-01-12,12.807900000000188,12.807900000000188,4.65741818181825
Red Onion (Imp),Wholesale,Pettah,2026-01-13,13.96626666666674,13.96626666666674,5.07864242424245
Red Onion (Imp),Wholesale,Pettah,2026-01-14,12.815416666666692,12.815416666666692,4.660151515151525
Red Onion (Imp),Wholesale,Pettah,2026-01-15,5.726850000000013,5.726850000000013,2.0344049733570206
Red Onion (Imp),Wholesale,Pettah,2026-01-16,4.14561666666674,4.14561666666674,1.439450231481507
Red Onion (Imp),Wholesale,Pettah,2026-01-17,11.379916666666759,11.379916666666759,3.9513599537037356
Red Onion (Imp),Wholesale,Pettah,2026-01-18,11.637083333333408,11.637083333333408,4.040653935185211
Red Onion (Imp),Wholesale,Pettah,2026-01-19,10.797900000000084,10.797900000000084,3.7492708333333624
Red Onion (Imp),Wholesale,Pettah,2026-01-20,10.630183333333434,10.630183333333434,3.6910358796296645
Red Onion (Imp),Wholesale,Pettah,2026-01-21,8.893783333333374,8.893783333333374,3.066821839080474
Red Onion (Imp),Wholesale,Pettah,2026-01-22,9.265416666666681,9.265416666666681,3.194971264367821
Red Onion (Imp),Wholesale,Pettah,2026-01-23,4.7835333333333665,4.7835333333333665,1.6215367231638529
Red Onion (Local),Retail,Dambulla,2026-01-01,13.151499999999885,13.151499999999885,5.367959183673422
Red Onion (Local),Retail,Dambulla,2026-01-02,15.188466666666528,15.188466666666528,5.841717948717895
Red Onion (Local),Retail,Dambulla,2026-01-03,1.5967833333334056,1.5967833333334056,0.6231349593496217
Red Onion (Local),Retail,Dambulla,2026-01-04,12.641016666666872,12.641016666666872,5.006343234323514
Red Onion (Local),Retail,Dambulla,2026-01-05,13.076166666666666,13.076166666666666,5.256750418760468
Red Onion (Local),Retail,Dambulla,2026-01-06,13.81478333333348,13.81478333333348,5.638687074829992
Red Onion (Local),Retail,Dambulla,2026-01-07,16.334966666666645,16.334966666666645,6.877880701754377
Red Onion (Local),Retail,Dambulla,2026-01-08,20.857949999999988,20.857949999999988,9.068673913043474
Red Onion (Local),Retail,Dambulla,2026-01-09,6.878899999999788,6.878899999999788,2.697607843137172
Red Onion (Local),Retail,Dambulla,2026-01-10,9.924250000000143,9.924250000000143,4.078514774175048
Red Onion (Local),Retail,Dambulla,2026-01-11,22.90051666666676,22.90051666666676,9.884972878088126
Red Onion (Local),Retail,Dambulla,2026-01-12,23.386883333333373,23.386883333333373,10.630401515151533
Red Onion (Local),Retail,Dambulla,2026-01-13,11.203233333333486,11.203233333333486,4.87097101449282
Red Onion (Local),Retail,Dambulla,2026-01-14,23.247150000000232,23.247150000000232,10.812627906976852
Red Onion (Local),Retail,Dambulla,2026-01-15,56.84263333333351,56.84263333333351,32.48150476190486
Red Onion (Local),Retail,Dambulla,2026-01-16,76.00981666666684,76.00981666666684,56.3035679012347
Red Onion (Local),Retail,Dambulla,2026-01-17,36.5892333333334,36.5892333333334,24.392822222222264
Red Onion (Local),Retail,Dambulla,2026-01-18,6.995133333333399,6.995133333333399,4.239474747474787
Red Onion (Local),Retail,Dambulla,2026-01-19,7.153583333333415,7.153583333333415,3.9742129629630085
Red Onion (Local),Retail,Dambulla,2026-01-20,12.674966666666649,12.674966666666649,6.499982905982897
Red Onion (Local),Retail,Dambulla,2026-01-21,1.753416666666709,1.753416666666709,0.8991880341880559
Red Onion (Local),Retail,Dambulla,2026-01-22,98.92116666666647,98.92116666666647,33.53259887005643
Red Onion (Local),Retail,Dambulla,2026-01-23,37.845866666666836,37.845866666666836,18.689316872428066
Red Onion (Local),Retail,Pettah,2026-01-01,4.149666666666576,4.149666666666576,1.3458523875933501
Red Onion (Local),Retail,Pettah,2026-01-02,3.1760999999999058,3.1760999999999058,1.0340886891970782
Red Onion (Local),Retail,Pettah,2026-01-03,3.301883333333194,3.301883333333194,1.0792231846161773
Red Onion (Local),Retail,Pettah,2026-01-04,1.9603666666664594,1.9603666666664594,0.6432493328082621
Red Onion (Local),Retail,Pettah,2026-01-05,3.6622166666664953,3.6622166666664953,1.2063829319980548
Red Onion (Local),Retail,Pettah,2026-01-06,4.0743333333330725,4.0743333333330725,1.3474215666820135
Red Onion (Local),Retail,Pettah,2026-01-07,3.9003833333331386,3.9003833333331386,1.294990980222829
Red Onion (Local),Retail,Pettah,2026-01-08,5.351916666666455,5.351916666666455,1.7839722222221515
Red Onion (Local),Retail,Pettah,2026-01-09,19.61128333333329,19.61128333333329,6.8736754173822465
Red Onion (Local),Retail,Pettah,2026-01-10,26.51959999999991,26.51959999999991,9.799571354667028
Red Onion (Local),Retail,Pettah,2026-01-11,23.966550000000097,23.966550000000097,9.364128311323004
Red Onion (Local),Retail,Pettah,2026-01-12,31.24968333333328,31.24968333333328,12.953236614853173
Red Onion (Local),Retail,Pettah,2026-01-13,37.806616666666685,37.806616666666685,16.687242525894547
Red Onion (Local),Retail,Pettah,2026-01-14,45.411149999999964,45.411149999999964,21.43248536907682
Red Onion (Local),Retail,Pettah,2026-01-15,41.70693333333341,41.70693333333341,21.15063306117623
Red Onion (Local),Retail,Pettah,2026-01-16,44.32068333333328,44.32068333333328,24.28530593607303
Red Onion (Local),Retail,Pettah,2026-01-17,34.63983333333343,34.63983333333343,20.64229386409238
Red Onion (Local),Retail,Pettah,2026-01-18,31.34618333333347,31.34618333333347,20.4716453326368
Red Onion (Local),Retail,Pettah,2026-01-19,39.41583333333344,39.41583333333344,28.471419628238543
Red Onion (Local),Retail,Pettah,2026-01-20,41.288400000000024,41.288400000000024,33.364363636363656
Red Onion (Local),Retail,Pettah,2026-01-21,39.104083333333335,39.104083333333335,35.85556880004891
Red Onion (Local),Retail,Pettah,2026-01-22,41.31836666666666,41.31836666666666,43.778731369640454
Red Onion (Local),Retail,Pettah,2026-01-23,48.235489999999984,48.235489999999984,60.52891203413224
Red Onion (Local),Wholesale,Dambulla,2026-01-01,8.899499999999932,8.899499999999932,3.955333333333303
Red Onion (Local),Wholesale,Dambulla,2026-01-02,9.222133333333232,9.222133333333232,3.8425555555555135
Red Onion (Local),Wholesale,Dambulla,2026-01-03,1.526800000000037,1.526800000000037,0.6462645502645659
Red Onion (Local),Wholesale,Dambulla,2026-01-04,11.476166666667012,11.476166666667012,4.935985663082586
Red Onion (Local),Wholesale,Dambulla,2026-01-05,11.937833333333629,11.937833333333629,5.218724954462788
Red Onion (Local),Wholesale,Dambulla,2026-01-06,14.339166666666983,14.339166666666983,6.372962962963104
Red Onion (Local),Wholesale,Dambulla,2026-01-07,20.4142833333334,20.4142833333334,9.385877394636047
Red Onion (Local),Wholesale,Dambulla,2026-01-08,22.871499999999997,22.871499999999997,10.891190476190475
Red Onion (Local),Wholesale,Dambulla,2026-01-09,13.13134999999997,13.13134999999997,5.587808510638284
Red Onion (Local),Wholesale,Dambulla,2026-01-10,9.400533333333328,9.400533333333328,4.209256854579917
Red Onion (Local),Wholesale,Dambulla,2026-01-11,26.08105000000012,26.08105000000012,12.321561865167533
Red Onion (Local),Wholesale,Dambulla,2026-01-12,22.40166666666667,22.40166666666667,11.200833333333335
Red Onion (Local),Wholesale,Dambulla,2026-01-13,4.071616666666671,4.071616666666671,1.9388650793650812
Red Onion (Local),Wholesale,Dambulla,2026-01-14,20.44363333333328,20.44363333333328,10.483914529914504
Red Onion (Local),Wholesale,Dambulla,2026-01-15,56.97625000000002,56.97625000000002,36.75887096774195
Red Onion (Local),Wholesale,Dambulla,2026-01-16,74.20716666666681,74.20716666666681,64.52797101449288
Red Onion (Local),Wholesale,Dambulla,2026-01-17,34.67923333333334,34.67923333333334,26.67633333333334
Red Onion (Local),Wholesale,Dambulla,2026-01-18,5.53531666666666,5.53531666666666,3.817459770114938
Red Onion (Local),Wholesale,Dambulla,2026-01-19,10.178016666666679,10.178016666666679,6.361260416666674
Red Onion (Local),Wholesale,Dambulla,2026-01-20,13.820433333333284,13.820433333333284,7.8973904761904485
Red Onion (Local),Wholesale,Dambulla,2026-01-21,0.3778499999999667,0.3778499999999667,0.21591428571426668
Red Onion (Local),Wholesale,Dambulla,2026-01-22,97.67484999999996,97.67484999999996,35.518127272727256
Red Onion (Local),Wholesale,Dambulla,2026-01-23,35.42943333333338,35.42943333333338,19.413388127853906
Red Onion (Local),Wholesale,Pettah,2026-01-01,11.216316666666728,11.216316666666728,3.5305853714837507
Red Onion (Local),Wholesale,Pettah,2026-01-02,10.873716666666667,10.873716666666667,3.4817062107094445
Red Onion (Local),Wholesale,Pettah,2026-01-03,4.818366666666691,4.818366666666691,1.5699096398627301
Red Onion (Local),Wholesale,Pettah,2026-01-04,8.087266666666721,8.087266666666721,2.681988017067958
Red Onion (Local),Wholesale,Pettah,2026-01-05,7.043150000000139,7.043150000000139,2.3782373797062775
Red Onion (Local),Wholesale,Pettah,2026-01-06,14.035216666666713,14.035216666666713,4.826913597230359
Red Onion (Local),Wholesale,Pettah,2026-01-07,14.864099999999837,14.864099999999837,5.208528978905262
Red Onion (Local),Wholesale,Pettah,2026-01-08,16.653916666666532,16.653916666666532,5.947827380952333
Red Onion (Local),Wholesale,Pettah,2026-01-09,7.905683333333286,7.905683333333286,2.8234583333333165
Red Onion (Local),Wholesale,Pettah,2026-01-10,9.55071666666663,9.55071666666663,3.4109702380952256
Red Onion (Local),Wholesale,Pettah,2026-01-11,10.671716666666612,10.671716666666612,3.811327380952361
Red Onion (Local),Wholesale,Pettah,2026-01-12,11.811666666666667,11.811666666666667,4.218452380952381
Red Onion (Local),Wholesale,Pettah,2026-01-13,10.717966666666825,10.717966666666825,3.8278452380952945
Red Onion (Local),Wholesale,Pettah,2026-01-14,10.153516666666746,10.153516666666746,3.6262559523809808
Red Onion (Local),Wholesale,Pettah,2026-01-15,12.003766666666706,12.003766666666706,4.287059523809538
Red Onion (Local),Wholesale,Pettah,2026-01-16,11.243850000000066,11.243850000000066,4.015660714285738
Red Onion (Local),Wholesale,Pettah,2026-01-17,11.005583333333504,11.005583333333504,3.9305654761905373
Red Onion (Local),Wholesale,Pettah,2026-01-18,10.544916666666666,10.544916666666666,3.7660416666666663
Red Onion (Local),Wholesale,Pettah,2026-01-19,10.273333333333426,10.273333333333426,3.669047619047652
Red Onion (Local),Wholesale,Pettah,2026-01-20,8.419866666666792,8.419866666666792,3.0070952380952827
Red Onion (Local),Wholesale,Pettah,2026-01-21,8.700716666666722,8.700716666666722,3.107398809523829
Red Onion (Local),Wholesale,Pettah,2026-01-22,10.458916666666767,10.458916666666767,3.735327380952417
Red Onion (Local),Wholesale,Pettah,2026-01-23,11.42013333333341,11.42013333333341,4.078619047619076
